Student Name,Student ID,Attendance Percentage,Previous Exam Score,Previous Semester Score,Assignment Score,Internal Assessment Score,Study Hours per Day,Class Participation Percentage,Sleep Hours per Day,Final Performance Score,Performance Category
Varun Pandey,ST1001,64.3,54.7,87.9,61.0,57.1,5.3,78.4,8.3,74.6,Good
Riya Kapoor,ST1002,64.6,49.3,49.0,70.8,72.9,5.1,46.6,5.4,72.0,Good
Arjun Mehta,ST1003,90.5,77.7,78.4,89.7,73.8,8.9,60.6,6.8,100.0,Excellent
Manish Mishra,ST1004,54.0,63.2,44.4,51.1,54.7,4.4,68.3,7.7,67.3,Average
Ayush Kumar,ST1005,68.3,81.5,82.6,82.1,69.5,10.0,68.3,6.0,97.4,Excellent
Vikram Singh,ST1006,45.0,44.2,43.1,60.2,46.4,2.4,69.2,7.6,55.7,Average
Neha Verma,ST1007,73.5,54.7,57.4,61.3,62.0,4.5,88.9,6.7,79.7,Good
Nisha Yadav,ST1008,67.3,46.3,77.9,78.2,72.3,3.0,69.1,7.7,76.7,Good
Rohan Patel,ST1009,72.2,75.1,62.1,69.4,58.1,5.4,70.1,7.2,81.0,Good
Aditya Sharma,ST1010,78.3,82.5,75.7,62.3,72.3,6.1,75.7,9.1,93.8,Excellent
Deepak Yadav,ST1011,49.7,42.0,47.4,57.0,67.2,4.7,32.5,5.7,68.1,Average
Pooja Rana,ST1012,59.8,38.5,49.7,72.3,65.1,3.8,51.3,7.3,69.4,Average
Priya Agarwal,ST1013,45.0,63.9,77.9,54.3,44.4,1.8,45.7,7.0,58.6,Average
Rahul Saxena,ST1014,98.9,84.9,65.5,72.5,83.3,6.7,76.2,6.9,91.3,Excellent
Isha Kapoor,ST1015,93.2,73.2,77.0,78.3,91.3,3.7,76.3,7.0,89.3,Excellent
Akash Gupta,ST1016,45.0,55.7,78.3,62.6,43.0,4.0,56.6,6.8,70.0,Average
Anjali Joshi,ST1017,66.3,46.0,72.5,66.0,43.5,3.0,72.1,6.7,63.5,Average
Varun Bansal,ST1018,83.2,96.9,81.7,84.9,76.8,3.7,76.9,7.9,94.5,Excellent
Aman Chauhan,ST1019,70.6,56.9,51.9,61.3,63.8,2.2,71.9,7.0,73.4,Good
Aryan Verma,ST1020,80.6,69.7,76.0,61.6,55.9,2.1,64.0,7.3,73.6,Good
Meera Kapoor,ST1021,63.0,70.9,67.0,69.5,68.4,2.6,65.8,7.5,84.4,Good
Anjali Yadav,ST1022,64.0,52.6,39.4,52.1,57.8,1.7,54.8,6.7,57.2,Average
Arjun Kapoor,ST1023,100.0,67.4,78.0,95.2,76.2,6.0,100.0,7.5,98.0,Excellent
Shivam Chauhan,ST1024,90.7,59.3,75.0,96.1,82.7,6.0,58.8,5.9,78.9,Good
Kavya Kumar,ST1025,81.0,51.8,26.6,50.8,48.7,4.1,63.7,7.6,65.3,Average
Vikram Kumar,ST1026,93.6,86.0,71.6,95.9,93.2,7.0,95.1,7.2,100.0,Excellent
Aditya Patel,ST1027,65.1,52.3,62.2,67.0,57.4,3.3,47.0,7.1,67.1,Average
Aman Bansal,ST1028,73.8,73.4,79.2,87.3,62.5,7.3,96.3,5.6,86.6,Excellent
Pranav Yadav,ST1029,89.0,88.1,80.7,83.9,94.5,4.8,85.2,7.0,93.7,Excellent
Sanya Agarwal,ST1030,63.4,74.0,79.0,67.1,63.5,6.0,64.8,5.8,83.8,Good
Shreya Chauhan,ST1031,63.9,58.2,73.4,64.5,50.5,4.3,68.5,7.0,65.5,Average
Sachin Saxena,ST1032,79.2,74.9,75.4,55.2,94.7,4.9,88.3,7.8,81.0,Good
Isha Malhotra,ST1033,66.5,48.6,51.2,68.4,60.8,5.0,56.3,7.0,69.1,Average
Ishaan Malhotra,ST1034,100.0,80.3,84.6,74.0,82.2,6.9,83.0,8.0,99.3,Excellent
Mohit Saxena,ST1035,72.1,61.2,68.5,79.9,67.6,2.9,79.8,7.6,75.2,Good
Khushi Kapoor,ST1036,73.4,51.8,45.8,79.9,58.3,4.4,72.7,7.8,75.3,Good
Nisha Shah,ST1037,54.3,52.1,56.8,59.4,57.7,4.3,64.8,7.8,72.8,Good
Riya Kapoor,ST1038,70.7,48.7,57.1,51.8,48.7,4.4,32.8,8.5,73.0,Good
Aarav Mehta,ST1039,54.1,48.7,73.7,74.2,55.7,4.8,49.3,5.7,75.7,Good
Aryan Sharma,ST1040,79.5,56.6,73.4,63.4,63.8,5.3,77.8,6.4,74.2,Good
Arjun Mishra,ST1041,63.7,71.1,57.6,72.3,49.2,2.4,51.9,7.3,66.5,Average
Kavya Malhotra,ST1042,73.5,74.3,81.0,63.4,69.7,4.1,60.3,7.9,78.8,Good
Shivam Singh,ST1043,77.0,60.6,76.9,87.2,73.4,4.7,79.0,7.2,89.9,Excellent
Sameer Gupta,ST1044,61.2,71.7,63.6,65.3,58.4,1.5,69.2,7.4,68.2,Average
Varun Joshi,ST1045,70.4,80.5,89.7,78.9,75.1,7.5,73.3,7.7,96.2,Excellent
Rahul Mehta,ST1046,74.5,53.4,64.5,71.6,63.7,1.5,67.2,7.1,64.8,Average
Aryan Malhotra,ST1047,85.1,70.3,92.1,83.6,57.5,6.3,64.8,6.5,86.0,Excellent
Deepak Verma,ST1048,73.5,57.5,56.6,80.7,75.2,4.1,48.7,7.6,73.2,Good
Sameer Saxena,ST1049,94.4,87.6,76.9,70.8,74.3,6.1,100.0,9.3,100.0,Excellent
Nikhil Gupta,ST1050,100.0,87.1,87.8,88.1,92.4,8.8,83.5,6.5,100.0,Excellent
Shivam Yadav,ST1051,63.2,71.0,63.2,66.3,34.1,2.6,44.7,6.6,74.5,Good
Vikram Singh,ST1052,92.9,74.6,80.1,59.2,68.5,4.7,58.9,6.5,85.2,Excellent
Aarav Singh,ST1053,79.2,61.3,52.7,76.5,57.6,5.0,64.7,6.6,73.6,Good
Sneha Kapoor,ST1054,82.1,85.3,83.2,70.8,70.2,4.0,69.4,8.5,90.6,Excellent
Ishaan Singh,ST1055,83.6,77.7,70.9,75.1,84.8,7.8,81.2,6.3,89.8,Excellent
Aarav Gupta,ST1056,77.0,48.7,80.3,72.6,40.5,6.0,43.1,7.2,71.8,Good
Pranav Chauhan,ST1057,71.7,82.1,55.6,64.0,73.2,8.4,81.1,6.5,91.4,Excellent
Varun Joshi,ST1058,65.8,80.6,72.8,59.8,72.9,3.9,48.0,5.8,82.5,Good
Isha Kapoor,ST1059,96.4,94.6,83.2,80.1,77.2,5.6,75.7,6.6,97.9,Excellent
Pranav Agarwal,ST1060,90.4,88.3,91.3,95.7,82.2,6.9,88.9,4.5,92.5,Excellent
Diya Sinha,ST1061,65.7,71.4,55.3,69.3,65.5,5.3,72.9,7.1,75.4,Good
Sakshi Mehta,ST1062,58.4,46.7,36.4,40.4,47.2,5.3,50.7,7.5,69.6,Average
Sakshi Kumar,ST1063,90.1,90.1,88.7,82.9,84.5,6.3,63.9,6.0,99.3,Excellent
Rohan Gupta,ST1064,72.3,58.9,67.5,57.2,70.6,4.3,53.1,6.5,69.5,Average
Nikhil Mehta,ST1065,82.3,72.0,75.6,78.8,62.2,2.5,57.8,6.0,74.2,Good
Isha Mishra,ST1066,71.6,62.7,88.0,73.7,79.8,9.0,58.6,4.5,88.7,Excellent
Riya Kumar,ST1067,86.5,66.3,55.2,83.0,64.9,4.1,76.8,5.6,78.4,Good
Diya Mehta,ST1068,72.4,72.6,50.1,65.3,70.9,0.5,57.7,8.2,80.5,Good
Neha Verma,ST1069,70.0,65.5,53.4,58.6,65.7,0.5,62.9,7.2,64.0,Average
Ananya Yadav,ST1070,56.9,37.2,27.4,26.6,31.5,1.3,31.9,7.7,49.2,At Risk
Meera Mishra,ST1071,88.3,75.4,69.5,70.3,81.6,3.2,62.7,9.3,88.4,Excellent
Rahul Mehta,ST1072,75.6,54.5,66.7,69.3,65.0,4.3,50.5,8.1,69.6,Average
Sameer Sharma,ST1073,72.3,84.0,96.3,84.5,85.7,3.9,82.1,7.7,82.0,Good
Priya Pandey,ST1074,78.6,70.7,68.8,79.1,64.0,5.5,57.0,6.5,80.6,Good
Diya Joshi,ST1075,62.5,60.6,52.4,76.3,63.2,4.8,73.4,8.6,79.8,Good
Akash Mehta,ST1076,92.1,68.2,87.9,79.9,75.0,6.2,96.9,8.1,100.0,Excellent
Ananya Malhotra,ST1077,95.4,77.0,78.0,81.0,90.5,4.8,91.2,7.9,92.4,Excellent
Priya Joshi,ST1078,70.1,61.2,65.4,78.0,56.9,5.7,69.6,6.9,81.7,Good
Sneha Sharma,ST1079,80.9,55.9,78.0,82.8,85.0,5.4,83.1,6.0,85.0,Good
Nisha Kapoor,ST1080,83.5,66.9,63.7,56.7,58.7,3.5,48.8,8.7,84.9,Good
Sakshi Joshi,ST1081,71.2,68.9,58.8,66.7,72.6,3.8,79.8,8.0,79.9,Good
Deepak Mehta,ST1082,70.0,75.3,81.1,56.0,74.3,4.8,91.3,6.8,82.5,Good
Aditya Singh,ST1083,75.4,69.5,76.1,68.6,69.2,8.7,73.3,6.3,90.1,Excellent
Sneha Rana,ST1084,76.2,79.5,66.8,60.4,86.4,5.3,75.0,5.7,84.9,Good
Kavya Rana,ST1085,63.9,51.5,68.3,70.2,55.1,1.9,54.3,8.1,75.7,Good
Aditya Verma,ST1086,93.5,71.8,72.5,90.7,87.6,4.3,77.1,7.3,91.2,Excellent
Rahul Gupta,ST1087,54.0,70.3,58.3,60.4,49.5,3.9,51.4,7.5,71.8,Good
Sakshi Sharma,ST1088,61.4,61.5,48.2,56.7,58.3,2.4,57.7,8.2,60.3,Average
Aarav Sinha,ST1089,69.0,43.7,43.3,73.5,76.6,5.4,66.5,7.7,70.1,Good
Aditya Yadav,ST1090,96.3,100.0,95.6,83.4,88.5,4.6,95.2,6.2,98.5,Excellent
Pranav Patel,ST1091,82.8,47.0,69.8,65.6,60.1,3.3,62.1,7.2,74.8,Good
Sakshi Kumar,ST1092,100.0,80.3,78.0,88.3,99.5,7.9,54.2,7.1,97.2,Excellent
Ayush Rana,ST1093,49.2,69.5,45.4,53.4,52.9,2.0,55.0,7.9,64.9,Average
Tanya Gupta,ST1094,62.7,48.7,54.7,68.2,76.4,5.9,81.2,5.3,72.3,Good
Sanya Patel,ST1095,78.2,50.1,48.8,68.1,77.6,4.8,71.5,6.0,82.8,Good
Neha Mishra,ST1096,85.2,90.9,93.7,70.6,73.7,6.6,100.0,7.5,98.0,Excellent
Karan Sharma,ST1097,57.7,29.2,39.4,68.5,55.3,4.5,59.0,7.7,66.1,Average
Aryan Patel,ST1098,65.8,30.4,44.4,67.0,58.1,0.5,61.6,9.1,60.8,Average
Karan Singh,ST1099,75.9,76.4,68.4,69.7,50.6,6.4,54.6,5.3,78.9,Good
Meera Kumar,ST1100,84.1,82.1,87.9,97.2,100.0,3.4,95.0,8.1,100.0,Excellent
Manish Singh,ST1101,60.5,77.7,59.6,59.7,65.0,5.3,66.8,7.3,79.1,Good
Manish Pandey,ST1102,45.0,25.0,36.0,52.3,43.0,1.9,28.4,6.3,44.5,At Risk
Sakshi Mehta,ST1103,71.9,62.3,64.1,74.9,81.9,5.4,51.6,5.2,79.5,Good
Sameer Malhotra,ST1104,89.4,83.3,67.0,71.4,86.6,8.5,74.0,7.5,96.6,Excellent
Varun Bansal,ST1105,55.2,57.0,48.5,71.3,53.5,5.2,43.9,6.0,70.0,Good
Vikram Sharma,ST1106,77.7,73.2,74.3,78.8,61.9,7.0,85.4,5.4,92.0,Excellent
Ayush Bansal,ST1107,61.0,44.4,35.7,69.4,48.8,2.7,49.7,7.7,66.2,Average
Nikhil Agarwal,ST1108,73.5,65.6,57.4,57.0,59.7,3.7,74.9,7.1,69.8,Average
Shivam Mehta,ST1109,85.0,89.9,72.3,77.8,83.2,6.9,58.3,7.3,80.5,Good
Karan Saxena,ST1110,81.5,58.0,45.9,55.2,54.6,3.7,43.8,7.6,80.0,Good
Aditya Sharma,ST1111,82.0,60.4,65.8,64.0,54.5,5.2,61.0,9.5,84.5,Good
Deepak Gupta,ST1112,92.5,69.9,88.3,93.6,91.2,6.0,85.9,7.6,100.0,Excellent
Sneha Joshi,ST1113,77.3,63.5,80.6,76.0,87.0,4.4,48.8,7.7,81.5,Good
Shivam Sinha,ST1114,59.0,41.6,73.5,50.2,74.1,1.2,56.1,6.6,54.9,Average
Karan Singh,ST1115,85.4,86.4,70.1,79.2,74.9,7.6,81.9,8.3,88.1,Excellent
Meera Sharma,ST1116,75.2,82.5,70.7,84.4,79.1,5.0,80.2,6.5,86.6,Excellent
Nisha Pandey,ST1117,59.9,40.0,57.0,45.6,35.6,1.7,46.3,6.5,56.0,Average
Ayush Rana,ST1118,68.8,95.2,59.9,69.2,97.8,2.5,66.9,7.1,90.9,Excellent
Arjun Kumar,ST1119,74.6,77.1,48.4,63.5,61.4,3.9,34.0,7.6,75.0,Good
Tanya Malhotra,ST1120,75.9,70.9,63.2,76.0,66.7,2.4,61.1,6.8,79.1,Good
Meera Singh,ST1121,91.7,85.8,99.5,72.5,74.6,5.1,64.9,6.1,89.9,Excellent
Pooja Singh,ST1122,63.0,48.0,50.7,68.6,64.7,5.1,46.9,6.1,67.0,Average
Pooja Bansal,ST1123,50.4,39.6,58.1,55.5,53.4,2.5,39.4,7.5,53.3,Average
Khushi Verma,ST1124,86.4,98.6,84.8,85.0,69.6,6.3,95.9,7.4,93.7,Excellent
Shivam Saxena,ST1125,82.8,73.8,69.5,58.8,95.9,4.8,66.7,7.7,81.6,Good
Shreya Sharma,ST1126,81.4,80.2,94.0,69.4,71.7,3.5,44.7,5.6,80.4,Good
Aman Sharma,ST1127,90.7,88.3,79.2,75.4,92.1,8.3,71.3,5.8,90.8,Excellent
Ishaan Saxena,ST1128,88.5,68.5,66.3,70.2,80.7,5.3,60.2,7.9,83.1,Good
Meera Malhotra,ST1129,71.5,53.4,73.5,65.0,68.2,3.8,65.0,6.7,75.3,Good
Anjali Singh,ST1130,45.0,59.7,69.8,65.4,74.8,4.1,58.4,7.3,62.3,Average
Kavya Sharma,ST1131,68.0,67.8,84.6,71.8,58.3,4.5,61.1,9.5,90.7,Excellent
Deepak Sinha,ST1132,80.7,58.8,89.2,86.2,67.6,5.7,74.9,4.7,92.3,Excellent
Neha Chauhan,ST1133,69.3,47.2,43.2,47.2,69.2,2.9,43.0,7.1,68.7,Average
Rohan Patel,ST1134,75.2,70.0,84.2,72.4,57.6,1.2,77.0,8.2,80.3,Good
Tanya Shah,ST1135,73.7,62.8,63.8,83.8,73.7,4.9,69.6,6.0,81.8,Good
Arjun Verma,ST1136,100.0,79.6,92.3,92.8,81.0,6.7,100.0,6.7,100.0,Excellent
Mohit Sharma,ST1137,54.0,30.0,38.5,69.9,47.4,6.5,57.2,5.6,63.1,Average
Rahul Kapoor,ST1138,77.7,67.5,83.6,69.8,69.2,9.8,59.1,7.0,93.5,Excellent
Sameer Gupta,ST1139,71.6,81.7,71.5,86.8,90.0,6.4,52.1,6.2,81.3,Good
Manish Kumar,ST1140,56.4,31.0,33.0,46.6,50.6,0.9,58.3,7.1,52.5,Average
Shivam Rana,ST1141,93.4,70.5,83.8,74.2,81.3,6.2,62.0,7.8,95.2,Excellent
Kavya Yadav,ST1142,82.5,74.0,91.9,73.4,60.5,2.8,77.4,7.8,86.4,Excellent
Rahul Chauhan,ST1143,79.7,65.3,88.8,71.1,75.4,4.4,67.8,8.1,91.8,Excellent
Ananya Singh,ST1144,58.9,73.1,50.8,53.8,63.2,1.6,83.1,9.2,79.0,Good
Sneha Rana,ST1145,75.7,87.4,86.7,55.3,76.9,5.9,71.1,7.0,87.0,Excellent
Sachin Singh,ST1146,87.1,78.3,66.0,82.1,94.1,2.7,53.5,9.4,83.2,Good
Sameer Pandey,ST1147,55.9,35.4,67.2,38.6,25.0,1.8,44.6,7.6,60.5,Average
Mohit Sharma,ST1148,74.1,89.4,75.6,74.0,74.3,4.7,83.8,8.4,93.6,Excellent
Akash Bansal,ST1149,81.3,71.2,65.1,55.0,85.6,4.0,53.2,7.1,77.6,Good
Pooja Agarwal,ST1150,65.1,50.8,58.6,56.0,54.4,2.8,40.8,8.1,65.5,Average
Sachin Singh,ST1151,100.0,88.8,96.7,98.5,99.3,8.3,100.0,6.2,100.0,Excellent
Vikram Chauhan,ST1152,76.0,93.6,75.2,82.7,89.8,4.0,71.3,8.5,93.8,Excellent
Nisha Bansal,ST1153,69.6,52.0,42.5,58.5,32.6,6.0,33.8,8.0,74.0,Good
Sakshi Kapoor,ST1154,93.3,60.1,67.5,83.4,74.8,3.2,60.8,7.0,77.6,Good
Neha Verma,ST1155,98.7,82.3,96.4,80.5,77.6,6.5,88.2,7.0,100.0,Excellent
Priya Agarwal,ST1156,45.0,41.1,35.1,67.6,70.5,3.6,54.7,6.2,62.0,Average
Aditya Rana,ST1157,70.0,56.9,81.3,61.1,66.9,5.8,73.1,7.8,73.7,Good
Vikram Sharma,ST1158,74.1,77.8,69.9,60.4,62.4,6.0,56.5,7.7,94.6,Excellent
Aryan Mishra,ST1159,71.3,57.0,59.5,57.3,61.2,0.5,62.9,6.3,65.7,Average
Varun Agarwal,ST1160,66.8,79.2,79.9,73.4,77.4,3.4,80.8,9.4,92.7,Excellent
Pranav Singh,ST1161,77.0,88.6,89.7,72.3,90.4,6.2,86.6,7.3,89.3,Excellent
Pooja Shah,ST1162,75.6,74.5,85.3,81.1,100.0,7.3,72.8,6.5,100.0,Excellent
Anjali Kumar,ST1163,65.1,55.1,64.5,80.0,59.2,6.3,57.2,8.0,78.3,Good
Meera Sharma,ST1164,88.8,100.0,100.0,89.0,100.0,6.9,100.0,6.3,96.4,Excellent
Arjun Chauhan,ST1165,68.8,39.4,31.9,34.1,62.1,0.5,49.9,8.8,50.6,Average
Karan Chauhan,ST1166,72.7,53.5,59.3,57.5,64.6,4.0,59.7,5.9,65.2,Average
Deepak Sinha,ST1167,67.1,49.0,45.4,76.1,44.3,6.5,71.7,6.6,69.4,Average
Nikhil Kapoor,ST1168,76.1,73.4,71.0,83.9,69.6,7.2,67.0,6.7,82.5,Good
Rahul Verma,ST1169,69.8,64.0,79.9,61.4,59.7,3.5,72.7,6.6,80.1,Good
Aditya Sinha,ST1170,74.7,61.3,73.6,81.9,91.2,7.3,58.8,6.0,88.5,Excellent
Pooja Rana,ST1171,80.7,84.1,85.5,71.2,57.8,3.4,68.6,6.7,85.6,Excellent
Ananya Kapoor,ST1172,68.1,37.8,62.2,74.0,60.5,5.0,42.5,6.5,72.1,Good
Sneha Sharma,ST1173,68.3,56.3,53.3,53.5,51.2,1.2,60.3,7.0,62.3,Average
Arjun Yadav,ST1174,89.0,100.0,100.0,78.0,92.3,7.6,96.4,8.1,100.0,Excellent
Amit Mehta,ST1175,75.6,77.3,69.9,85.9,94.7,6.8,79.2,7.2,87.1,Excellent
Aman Patel,ST1176,63.3,52.1,49.1,41.2,65.8,1.7,38.4,7.3,54.6,Average
Sakshi Pandey,ST1177,82.6,60.6,60.2,75.6,78.4,6.3,52.4,7.6,79.3,Good
Rohan Kapoor,ST1178,74.2,66.3,49.6,67.8,72.0,3.3,69.2,7.1,82.9,Good
Shivam Malhotra,ST1179,68.3,64.7,72.6,77.1,72.8,5.0,62.9,6.2,73.4,Good
Karan Shah,ST1180,100.0,63.2,87.9,78.6,74.8,4.7,72.7,5.4,94.2,Excellent
Rohan Sinha,ST1181,82.5,89.9,100.0,79.5,100.0,7.4,70.8,7.7,98.6,Excellent
Kavya Sinha,ST1182,66.1,44.8,48.6,58.8,70.9,1.2,56.7,5.2,54.4,Average
Rahul Gupta,ST1183,73.0,56.9,81.3,60.8,70.0,2.7,67.2,5.8,75.8,Good
Pranav Joshi,ST1184,87.1,62.7,73.6,63.6,59.3,6.0,73.7,7.4,90.2,Excellent
Deepak Sharma,ST1185,78.4,71.2,69.3,85.9,73.6,1.1,50.6,7.5,69.9,Average
Aarav Kapoor,ST1186,69.2,63.8,78.1,65.3,68.6,3.1,49.0,8.7,77.7,Good
Sanya Saxena,ST1187,76.4,63.1,76.8,82.9,68.0,4.3,73.5,6.4,87.3,Excellent
Pooja Malhotra,ST1188,66.1,77.0,75.2,74.1,76.2,4.7,38.0,7.8,86.4,Excellent
Aarav Saxena,ST1189,74.9,53.4,87.4,73.3,71.5,3.5,57.7,7.0,72.1,Good
Varun Gupta,ST1190,100.0,82.0,98.5,83.9,78.9,4.8,100.0,7.6,99.0,Excellent
Neha Singh,ST1191,100.0,100.0,74.3,85.9,85.2,9.7,93.0,6.6,100.0,Excellent
Deepak Saxena,ST1192,81.1,59.0,74.8,88.5,82.4,6.8,80.6,7.3,92.8,Excellent
Sneha Chauhan,ST1193,67.5,52.3,50.1,76.2,55.2,3.7,46.3,7.4,70.3,Good
Rahul Gupta,ST1194,74.4,45.8,49.4,54.4,45.4,0.5,56.9,7.8,63.6,Average
Rohan Chauhan,ST1195,84.8,64.7,58.8,78.4,54.5,4.0,54.0,6.0,71.2,Good
Amit Yadav,ST1196,81.4,74.3,59.6,74.5,54.1,4.6,69.6,7.1,77.4,Good
Karan Saxena,ST1197,73.7,56.7,48.1,50.8,62.5,2.4,65.7,7.9,73.7,Good
Mohit Mehta,ST1198,66.8,49.7,54.4,60.7,59.4,0.5,54.1,7.5,67.7,Average
Shreya Sharma,ST1199,94.3,88.5,82.5,90.7,80.5,6.1,92.4,6.8,100.0,Excellent
Rohan Gupta,ST1200,67.8,71.6,66.0,83.8,89.2,5.8,54.5,5.0,88.6,Excellent
Nikhil Agarwal,ST1201,66.0,69.4,69.5,92.3,45.1,6.2,69.7,8.4,77.0,Good
Amit Kumar,ST1202,54.9,69.8,64.8,64.2,51.3,3.5,65.8,5.8,75.1,Good
Sanya Pandey,ST1203,90.5,69.2,78.0,86.1,76.4,5.0,75.3,6.4,88.5,Excellent
Sachin Agarwal,ST1204,60.5,54.6,77.2,62.6,51.9,5.5,53.5,6.2,76.2,Good
Manish Sharma,ST1205,65.3,70.3,60.4,57.3,84.3,1.9,55.9,7.7,72.1,Good
Amit Shah,ST1206,58.6,28.2,57.3,40.6,71.5,0.5,61.8,7.9,54.7,Average
Aman Saxena,ST1207,83.3,58.3,63.2,73.0,60.4,4.3,78.1,7.7,79.1,Good
Nisha Saxena,ST1208,64.3,49.8,87.8,76.4,74.1,6.4,70.1,7.5,85.0,Good
Aditya Rana,ST1209,100.0,69.7,91.9,92.1,94.2,9.4,100.0,8.2,100.0,Excellent
Rahul Pandey,ST1210,100.0,86.9,100.0,87.4,100.0,4.7,90.2,6.7,100.0,Excellent
Nisha Yadav,ST1211,53.0,57.2,45.2,69.9,52.1,2.2,55.3,6.5,57.6,Average
Shivam Sharma,ST1212,73.9,52.1,49.1,86.5,58.9,7.2,30.6,6.5,70.9,Good
Sameer Sinha,ST1213,69.7,70.2,61.2,60.0,78.7,3.0,53.8,6.1,66.2,Average
Sneha Yadav,ST1214,62.3,67.5,81.9,40.8,70.7,6.2,64.3,6.5,78.3,Good
Akash Sharma,ST1215,74.7,63.6,67.5,75.0,72.1,6.4,81.0,5.3,78.8,Good
Sameer Malhotra,ST1216,71.7,89.9,54.8,76.8,54.7,6.1,48.6,6.0,78.8,Good
Avni Mishra,ST1217,74.1,64.8,83.4,58.6,63.7,4.1,70.2,5.4,77.2,Good
Riya Shah,ST1218,77.6,75.9,79.8,86.6,61.7,5.1,100.0,8.2,83.2,Good
Deepak Chauhan,ST1219,57.6,43.4,52.0,57.4,63.1,1.6,54.2,7.5,59.6,Average
Aditya Sinha,ST1220,86.2,83.9,72.8,82.0,82.1,7.2,97.3,8.6,100.0,Excellent
Shivam Rana,ST1221,66.3,52.3,63.1,55.2,62.1,0.8,63.4,8.6,68.0,Average
Pranav Malhotra,ST1222,100.0,92.1,100.0,80.5,93.5,7.0,100.0,8.0,100.0,Excellent
Riya Agarwal,ST1223,91.7,83.8,94.3,74.6,76.0,9.4,76.5,6.3,100.0,Excellent
Pranav Verma,ST1224,74.6,61.0,60.8,75.0,69.8,5.4,47.3,7.4,78.0,Good
Anjali Kumar,ST1225,70.7,54.2,45.6,55.7,62.5,5.0,65.1,6.1,65.8,Average
Ayush Kumar,ST1226,76.2,45.0,25.0,62.0,45.5,0.5,57.8,7.0,51.8,Average
Pooja Kumar,ST1227,96.9,71.9,68.0,78.1,78.2,3.9,79.2,7.1,99.7,Excellent
Avni Gupta,ST1228,86.8,76.4,62.9,59.1,61.2,6.5,51.7,5.1,83.0,Good
Aryan Singh,ST1229,92.1,73.8,77.5,79.0,77.0,5.9,74.8,6.4,95.6,Excellent
Shivam Saxena,ST1230,100.0,97.9,90.7,92.0,83.1,5.6,87.1,7.7,100.0,Excellent
Shreya Bansal,ST1231,71.2,45.2,85.8,72.6,56.1,4.6,52.5,6.6,81.4,Good
Varun Gupta,ST1232,65.6,44.1,57.2,72.4,69.5,2.0,56.0,6.6,69.3,Average
Deepak Rana,ST1233,97.1,53.9,56.9,62.6,65.3,9.1,78.8,6.1,77.6,Good
Diya Singh,ST1234,61.9,100.0,87.3,83.5,74.9,7.0,85.2,7.5,92.8,Excellent
Rohan Rana,ST1235,63.7,67.9,59.6,41.6,50.5,1.7,59.0,7.8,67.3,Average
Meera Saxena,ST1236,86.6,72.0,56.9,78.0,66.5,6.0,69.8,6.6,85.7,Excellent
Pooja Shah,ST1237,97.5,100.0,86.3,92.2,100.0,9.0,82.3,6.5,100.0,Excellent
Manish Rana,ST1238,81.8,52.2,52.7,31.3,62.5,2.4,38.4,8.2,61.1,Average
Shreya Yadav,ST1239,78.3,66.2,80.1,69.1,69.4,3.5,71.4,8.5,81.0,Good
Manish Yadav,ST1240,65.7,62.1,42.8,57.1,55.1,3.9,70.5,6.7,69.9,Average
Aryan Mehta,ST1241,73.3,81.6,75.0,68.0,51.9,3.6,68.1,7.1,79.8,Good
Rahul Chauhan,ST1242,85.0,64.5,89.6,71.5,67.4,5.0,65.5,8.2,91.3,Excellent
Sachin Pandey,ST1243,91.8,55.0,88.5,71.6,50.9,2.4,56.3,7.8,73.7,Good
Manish Kapoor,ST1244,79.6,56.3,42.6,69.8,63.3,4.7,44.4,5.6,72.6,Good
Karan Gupta,ST1245,69.5,52.0,59.5,62.7,75.3,1.9,48.3,6.5,65.2,Average
Shivam Yadav,ST1246,91.5,58.7,83.6,74.0,81.4,7.4,100.0,5.9,91.5,Excellent
Pooja Pandey,ST1247,72.8,55.6,77.7,71.2,75.8,4.4,61.4,6.7,79.0,Good
Mohit Kumar,ST1248,78.8,72.5,75.4,75.3,67.2,6.0,77.6,7.3,79.9,Good
Nikhil Saxena,ST1249,86.9,68.8,62.8,71.5,51.6,4.0,70.0,9.0,82.8,Good
Varun Shah,ST1250,97.5,76.4,78.9,71.6,78.3,5.9,94.7,6.8,99.7,Excellent
Varun Chauhan,ST1251,64.8,81.9,58.9,69.7,67.1,4.7,68.4,7.7,75.5,Good
Sachin Gupta,ST1252,69.5,52.7,63.4,74.7,75.8,2.9,63.9,8.4,84.8,Good
Shivam Mishra,ST1253,80.4,78.0,68.1,65.5,97.8,2.6,79.3,8.8,84.1,Good
Ayush Bansal,ST1254,94.0,61.8,70.3,84.2,78.7,6.5,84.8,8.0,95.9,Excellent
Deepak Joshi,ST1255,62.4,52.8,69.2,70.4,66.1,4.0,60.9,6.4,66.8,Average
Avni Yadav,ST1256,51.9,61.2,82.8,60.9,64.2,1.3,53.6,6.0,76.5,Good
Kavya Patel,ST1257,82.4,47.8,83.3,79.8,66.1,2.6,55.0,6.7,71.4,Good
Anjali Chauhan,ST1258,88.5,75.8,85.7,84.0,87.1,6.0,88.1,7.0,97.1,Excellent
Diya Malhotra,ST1259,78.8,77.7,84.3,64.9,73.3,1.3,68.3,6.7,76.7,Good
Aryan Bansal,ST1260,65.7,41.8,44.2,46.6,51.1,4.0,54.3,5.5,60.2,Average
Priya Verma,ST1261,77.2,62.7,71.0,76.2,83.5,3.5,53.9,6.0,79.0,Good
Amit Gupta,ST1262,76.6,67.8,58.2,74.0,67.2,4.7,47.4,9.5,80.5,Good
Tanya Sinha,ST1263,48.6,72.2,65.5,73.5,71.3,1.2,38.6,7.2,65.2,Average
Arjun Saxena,ST1264,79.0,61.2,77.0,75.1,57.8,7.8,65.9,8.5,88.7,Excellent
Aarav Pandey,ST1265,54.9,80.7,84.3,66.5,36.2,1.7,45.1,7.2,69.4,Average
Kavya Mehta,ST1266,78.3,38.8,60.4,71.1,59.0,3.2,87.1,8.0,75.7,Good
Pooja Shah,ST1267,81.0,61.3,77.9,67.0,54.8,6.0,86.5,6.7,85.9,Excellent
Aman Kumar,ST1268,77.4,80.5,89.7,80.2,70.7,4.5,96.3,7.1,94.4,Excellent
Ananya Sinha,ST1269,74.3,54.4,63.4,61.8,76.6,4.2,59.2,7.9,79.9,Good
Varun Agarwal,ST1270,85.0,72.9,71.0,54.9,55.2,5.6,62.8,6.5,81.5,Good
Pranav Sinha,ST1271,70.4,61.9,83.3,62.8,73.1,1.9,70.9,6.2,73.6,Good
Varun Singh,ST1272,76.0,36.2,59.6,65.3,82.1,2.7,69.1,6.5,63.9,Average
Diya Bansal,ST1273,50.7,48.6,67.1,46.4,57.5,4.9,72.5,6.2,68.7,Average
Rahul Pandey,ST1274,85.5,73.8,47.1,66.0,66.5,5.4,53.1,7.0,84.6,Good
Rahul Malhotra,ST1275,76.1,48.0,66.5,79.0,82.5,3.2,66.7,5.3,71.2,Good
Varun Sharma,ST1276,64.1,62.1,59.3,74.4,53.5,6.5,64.1,7.1,75.2,Good
Akash Shah,ST1277,81.8,63.7,56.9,63.4,68.9,5.0,37.2,8.3,84.6,Good
Rahul Rana,ST1278,98.2,73.0,66.0,71.8,83.5,6.8,63.9,6.3,97.8,Excellent
Pooja Sharma,ST1279,77.6,61.8,46.3,61.9,67.6,5.5,72.2,6.3,72.6,Good
Tanya Patel,ST1280,91.1,72.8,63.1,66.4,65.5,2.1,66.2,9.3,93.0,Excellent
Sakshi Shah,ST1281,62.7,54.2,83.2,81.8,62.2,4.5,66.3,8.5,83.0,Good
Mohit Saxena,ST1282,85.2,70.9,57.2,88.4,62.1,5.0,86.3,7.4,89.9,Excellent
Mohit Mishra,ST1283,79.4,59.7,81.6,59.8,80.7,4.8,74.1,6.3,80.8,Good
Sneha Kumar,ST1284,66.2,64.5,73.7,61.1,59.3,4.6,60.2,7.6,78.5,Good
Shivam Sinha,ST1285,48.5,60.3,80.6,45.0,69.0,0.5,53.4,6.5,65.7,Average
Meera Bansal,ST1286,68.3,51.0,62.8,58.8,69.3,3.1,50.1,5.9,64.1,Average
Ishaan Kapoor,ST1287,93.1,84.9,88.8,74.8,68.6,5.3,70.2,7.4,100.0,Excellent
Sachin Sharma,ST1288,94.8,67.3,79.9,80.2,84.6,1.9,74.6,6.9,84.6,Good
Akash Saxena,ST1289,92.1,72.8,74.8,81.8,96.4,6.1,62.1,4.8,87.6,Excellent
Nikhil Mishra,ST1290,76.2,72.9,85.3,82.3,69.2,3.5,73.7,7.8,80.6,Good
Deepak Agarwal,ST1291,85.0,59.6,77.5,53.7,78.1,3.6,59.9,8.6,84.4,Good
Sakshi Saxena,ST1292,81.3,48.1,61.2,64.1,66.1,3.3,63.3,7.9,75.7,Good
Arjun Patel,ST1293,62.9,47.5,68.2,45.9,65.8,0.5,74.4,7.0,60.0,Average
Deepak Malhotra,ST1294,64.4,38.6,82.8,75.8,47.4,0.5,58.0,5.4,62.9,Average
Rahul Kumar,ST1295,78.7,62.1,82.3,77.7,100.0,7.0,83.8,6.9,95.9,Excellent
Pranav Malhotra,ST1296,83.4,50.9,62.1,53.3,55.4,2.8,64.9,6.6,68.3,Average
Rahul Gupta,ST1297,71.9,85.6,78.7,74.6,87.1,5.2,70.3,6.1,89.7,Excellent
Shreya Rana,ST1298,77.9,65.1,66.1,70.2,65.1,4.4,74.2,5.1,77.1,Good
Aryan Sharma,ST1299,62.9,42.4,71.1,70.5,65.3,0.6,64.8,9.4,69.0,Average
Meera Shah,ST1300,54.1,46.3,54.7,71.9,45.0,2.4,54.3,6.2,56.8,Average
Rahul Saxena,ST1301,52.2,65.0,61.8,65.3,48.7,3.5,65.2,5.4,67.7,Average
Riya Shah,ST1302,87.2,78.5,81.5,79.8,87.9,9.3,89.0,8.2,94.3,Excellent
Shivam Patel,ST1303,52.8,35.3,58.9,66.4,51.3,1.5,58.9,7.4,67.0,Average
Khushi Sinha,ST1304,96.7,100.0,87.4,95.0,89.4,8.6,100.0,6.4,100.0,Excellent
Amit Kapoor,ST1305,82.5,52.2,44.7,63.5,63.4,3.4,48.8,7.5,66.1,Average
Pooja Verma,ST1306,84.3,61.9,80.5,84.0,62.1,3.5,92.7,7.6,78.8,Good
Avni Bansal,ST1307,91.5,65.0,85.1,63.2,78.3,3.2,47.0,7.4,87.9,Excellent
Amit Sharma,ST1308,63.0,59.9,60.3,66.9,65.3,5.6,72.1,5.4,73.9,Good
Aarav Bansal,ST1309,50.8,31.5,41.3,40.3,60.4,4.2,54.8,5.5,56.6,Average
Sakshi Kapoor,ST1310,64.8,64.7,85.0,81.6,72.1,3.5,55.3,6.5,78.8,Good
Ayush Rana,ST1311,62.8,60.8,53.6,55.2,59.9,3.6,66.4,6.7,63.3,Average
Diya Sharma,ST1312,82.7,40.6,56.3,67.4,35.8,0.6,26.1,7.2,62.7,Average
Sanya Joshi,ST1313,61.2,43.9,61.1,65.2,81.1,4.4,88.9,7.3,77.9,Good
Shivam Sharma,ST1314,74.2,60.5,59.5,67.0,63.1,2.9,87.5,7.0,75.3,Good
Mohit Saxena,ST1315,85.5,93.5,100.0,85.7,83.5,8.3,86.3,5.9,93.0,Excellent
Ananya Rana,ST1316,83.0,71.5,80.3,73.6,78.7,6.6,67.7,7.2,92.9,Excellent
Amit Gupta,ST1317,80.7,80.7,88.8,89.6,92.0,5.6,81.4,7.6,98.7,Excellent
Tanya Singh,ST1318,76.1,81.0,43.9,75.4,61.6,2.6,71.5,6.5,74.4,Good
Nikhil Gupta,ST1319,76.0,59.5,76.5,87.3,75.6,4.6,65.8,5.7,85.8,Excellent
Sneha Agarwal,ST1320,58.6,25.0,27.7,53.1,53.1,0.8,20.0,7.7,54.0,Average
Avni Sinha,ST1321,73.8,61.6,74.8,56.6,54.3,3.7,69.2,6.7,76.2,Good
Kavya Chauhan,ST1322,58.6,72.6,70.2,58.2,76.7,4.0,79.9,8.0,73.3,Good
Aryan Chauhan,ST1323,86.4,72.9,71.8,81.6,68.8,7.0,76.0,5.8,83.3,Good
Aarav Sinha,ST1324,56.5,37.3,74.2,60.6,78.9,3.7,75.6,6.0,67.2,Average
Diya Kumar,ST1325,58.8,58.6,71.6,76.1,85.1,5.1,88.1,6.4,80.3,Good
Aarav Rana,ST1326,45.0,42.4,51.6,46.8,37.4,5.1,32.9,7.5,63.3,Average
Vikram Verma,ST1327,69.4,71.9,85.7,84.2,77.3,3.4,91.7,6.8,87.2,Excellent
Rahul Malhotra,ST1328,92.4,57.7,60.6,78.9,86.0,5.5,71.9,6.9,85.3,Excellent
Varun Verma,ST1329,86.8,96.1,81.3,81.8,94.0,6.7,97.6,6.3,100.0,Excellent
Akash Bansal,ST1330,89.9,80.4,79.8,91.9,85.0,5.0,70.7,8.0,91.5,Excellent
Deepak Sharma,ST1331,68.6,60.0,56.0,76.2,63.5,4.4,90.9,7.6,81.6,Good
Amit Rana,ST1332,88.9,89.0,64.6,84.9,76.1,4.4,89.0,5.5,89.6,Excellent
Nikhil Kapoor,ST1333,55.7,56.4,31.1,42.6,28.4,2.0,38.6,8.3,57.2,Average
Sneha Chauhan,ST1334,76.1,46.7,59.7,55.0,59.9,0.7,47.4,8.1,69.0,Average
Aditya Mishra,ST1335,63.2,61.2,25.0,60.8,58.0,6.6,61.3,7.9,72.2,Good
Varun Patel,ST1336,71.3,86.4,55.4,56.2,66.1,7.4,57.8,6.2,73.4,Good
Sanya Patel,ST1337,50.3,43.6,25.0,47.3,46.5,1.1,46.9,6.5,46.9,At Risk
Sanya Bansal,ST1338,73.3,73.9,94.3,89.1,89.0,8.0,91.7,6.6,100.0,Excellent
Rohan Kapoor,ST1339,71.7,64.4,73.3,76.6,64.3,3.7,77.5,7.3,77.6,Good
Priya Sinha,ST1340,74.7,84.2,73.6,69.8,75.3,4.9,78.3,8.2,85.8,Excellent
Sanya Pandey,ST1341,82.5,56.7,70.7,98.4,78.9,3.6,71.6,7.8,85.3,Excellent
Tanya Sharma,ST1342,88.4,81.1,87.6,92.8,75.2,7.5,99.0,6.8,100.0,Excellent
Nisha Kapoor,ST1343,68.4,38.1,34.7,53.0,55.0,1.1,62.9,7.3,60.3,Average
Rohan Agarwal,ST1344,76.8,59.5,80.9,81.3,63.2,6.0,56.7,6.9,91.4,Excellent
Kavya Gupta,ST1345,81.4,82.6,81.7,75.1,96.1,5.9,100.0,6.5,97.5,Excellent
Riya Kumar,ST1346,74.5,62.6,75.0,71.4,68.5,4.3,81.6,7.8,84.5,Good
Avni Rana,ST1347,72.0,59.7,64.3,58.2,57.2,0.7,46.3,6.1,63.2,Average
Avni Rana,ST1348,53.0,69.7,65.1,53.7,42.9,3.8,38.2,7.2,60.1,Average
Meera Gupta,ST1349,64.6,45.9,65.4,71.3,69.9,2.0,77.7,8.4,73.7,Good
Sanya Patel,ST1350,61.5,56.4,60.7,63.5,60.3,3.7,61.8,6.0,69.4,Average
Aditya Shah,ST1351,77.2,62.4,64.5,69.2,67.9,7.6,60.7,8.6,90.0,Excellent
Ayush Sinha,ST1352,94.8,86.8,89.9,83.3,85.2,4.1,89.9,6.0,95.9,Excellent
Nikhil Saxena,ST1353,69.9,57.1,61.9,56.5,67.1,3.5,75.1,6.7,74.2,Good
Sachin Mishra,ST1354,47.8,47.9,56.3,79.9,70.4,2.8,37.8,8.3,72.7,Good
Karan Malhotra,ST1355,64.7,87.0,78.6,76.4,78.4,3.3,75.0,8.7,85.8,Excellent
Aman Malhotra,ST1356,71.1,83.4,67.7,66.0,79.1,2.9,66.6,7.6,85.1,Excellent
Aman Singh,ST1357,57.2,53.7,63.1,46.3,44.9,5.3,70.0,7.3,75.7,Good
Sakshi Singh,ST1358,74.4,70.8,48.2,82.1,61.3,7.4,77.2,8.5,84.4,Good
Priya Bansal,ST1359,69.8,65.2,66.2,77.4,70.9,2.6,76.6,5.9,73.5,Good
Manish Gupta,ST1360,98.5,88.3,71.5,78.8,86.3,6.4,74.4,5.1,90.3,Excellent
Khushi Agarwal,ST1361,45.0,25.5,50.2,49.7,61.5,1.7,64.4,5.5,46.9,At Risk
Neha Patel,ST1362,87.5,77.7,84.4,93.8,66.9,4.6,74.0,6.2,97.5,Excellent
Aarav Gupta,ST1363,81.5,57.4,51.5,65.8,54.8,0.9,65.5,6.8,81.6,Good
Deepak Chauhan,ST1364,70.2,52.2,55.0,54.0,52.9,6.7,61.6,7.2,75.4,Good
Sanya Rana,ST1365,69.0,60.0,51.6,57.8,34.4,4.7,53.3,8.0,68.3,Average
Ishaan Shah,ST1366,100.0,90.4,79.7,90.8,93.8,5.9,95.0,7.8,100.0,Excellent
Priya Joshi,ST1367,68.0,59.0,66.7,67.0,65.3,4.8,81.8,7.9,82.5,Good
Pranav Kapoor,ST1368,74.5,61.7,70.6,47.9,70.1,5.0,74.9,6.0,74.0,Good
Neha Kapoor,ST1369,45.0,41.6,68.5,56.9,42.0,3.9,35.1,7.5,57.9,Average
Rohan Mishra,ST1370,98.1,100.0,100.0,100.0,100.0,7.3,88.8,6.0,100.0,Excellent
Kavya Kumar,ST1371,76.9,67.4,78.4,70.0,63.8,5.3,65.2,7.6,85.7,Excellent
Aarav Malhotra,ST1372,82.9,39.6,59.6,81.7,58.9,3.0,84.2,7.3,79.7,Good
Shivam Pandey,ST1373,69.4,86.0,68.4,75.1,61.7,5.1,72.2,7.9,88.6,Excellent
Isha Kapoor,ST1374,73.1,78.2,83.5,80.8,73.8,9.2,89.7,8.9,94.9,Excellent
Neha Chauhan,ST1375,71.1,71.4,77.7,67.0,73.4,4.9,86.8,7.0,81.2,Good
Pranav Chauhan,ST1376,94.7,82.7,59.0,74.2,83.8,4.2,67.8,6.0,81.8,Good
Nisha Verma,ST1377,74.9,66.7,65.0,73.3,77.6,4.5,87.7,5.4,81.6,Good
Pranav Chauhan,ST1378,73.6,86.9,74.5,74.3,68.3,5.7,66.4,6.0,85.1,Excellent
Anjali Singh,ST1379,58.7,56.1,49.0,62.3,36.7,1.7,71.2,8.5,62.3,Average
Nikhil Chauhan,ST1380,88.4,46.2,65.7,63.4,59.4,3.4,65.0,7.7,73.8,Good
Khushi Patel,ST1381,55.0,48.7,54.5,52.7,60.5,2.5,69.7,7.5,68.3,Average
Shivam Sinha,ST1382,87.2,91.8,87.7,69.4,54.0,2.3,62.7,7.7,83.7,Good
Isha Gupta,ST1383,78.9,45.2,69.0,59.9,60.7,2.7,54.7,8.0,68.8,Average
Rahul Agarwal,ST1384,45.0,33.7,54.0,54.5,46.1,0.5,29.9,6.0,43.1,At Risk
Varun Rana,ST1385,61.3,45.7,44.9,61.2,70.5,2.6,71.0,8.3,64.2,Average
Varun Yadav,ST1386,86.0,76.7,80.7,69.3,79.6,3.1,72.8,7.6,91.1,Excellent
Pooja Rana,ST1387,66.7,65.5,72.7,76.5,50.9,5.3,89.7,5.5,75.7,Good
Diya Pandey,ST1388,67.0,28.5,50.4,73.0,65.9,1.7,48.1,7.7,71.4,Good
Pooja Kumar,ST1389,51.1,46.6,46.8,43.1,25.0,1.7,63.6,6.1,55.2,Average
Avni Singh,ST1390,71.7,63.2,68.5,84.0,75.0,0.9,69.8,8.0,73.0,Good
Khushi Kapoor,ST1391,64.1,56.2,55.7,70.8,68.1,5.5,59.9,7.1,72.9,Good
Shreya Kapoor,ST1392,78.1,52.4,46.4,59.6,81.8,2.3,61.4,6.3,60.1,Average
Neha Verma,ST1393,75.2,66.8,53.9,65.6,68.4,3.5,55.9,7.6,73.4,Good
Arjun Malhotra,ST1394,80.2,82.1,63.1,76.4,66.5,6.4,77.7,7.6,97.9,Excellent
Manish Agarwal,ST1395,100.0,68.9,57.5,62.7,68.1,6.9,80.7,6.2,94.4,Excellent
Sneha Patel,ST1396,92.1,48.4,57.6,70.5,84.4,2.8,50.9,8.0,84.8,Good
Pranav Verma,ST1397,54.0,57.5,74.6,71.8,81.1,5.0,34.0,6.7,78.0,Good
Ananya Gupta,ST1398,71.3,73.6,72.2,63.5,63.8,2.6,64.5,8.2,77.2,Good
Sameer Patel,ST1399,93.4,56.0,53.2,53.6,64.2,4.5,77.9,7.0,77.9,Good
Ananya Saxena,ST1400,53.4,27.2,40.4,57.0,61.9,1.0,51.0,8.6,59.3,Average
Aman Mishra,ST1401,100.0,87.6,92.4,99.7,88.8,4.2,65.5,6.2,96.6,Excellent
Rohan Joshi,ST1402,80.2,92.3,89.9,71.7,77.0,5.7,57.6,6.0,87.0,Excellent
Akash Sinha,ST1403,92.8,91.1,91.6,81.7,84.3,5.9,100.0,6.1,98.9,Excellent
Sachin Malhotra,ST1404,100.0,77.0,100.0,88.7,87.0,10.0,75.5,6.5,100.0,Excellent
Sneha Kumar,ST1405,62.4,46.2,45.2,73.5,63.4,1.9,63.0,7.2,68.0,Average
Nisha Patel,ST1406,76.1,62.3,65.2,52.1,60.3,2.0,70.8,7.6,68.4,Average
Aditya Pandey,ST1407,100.0,88.7,82.4,99.5,94.1,6.2,100.0,5.7,100.0,Excellent
Rahul Mishra,ST1408,81.4,70.9,62.9,65.4,73.6,4.4,60.0,6.4,74.7,Good
Aman Kapoor,ST1409,78.7,58.2,70.2,68.7,71.7,5.0,82.2,8.3,83.6,Good
Ananya Rana,ST1410,74.9,45.5,31.9,47.2,53.6,3.0,66.5,7.6,65.1,Average
Rohan Patel,ST1411,84.4,64.4,74.7,69.1,66.6,6.2,53.8,7.5,84.3,Good
Aditya Kapoor,ST1412,87.7,96.9,97.8,78.6,87.5,4.2,92.8,6.8,100.0,Excellent
Ayush Malhotra,ST1413,100.0,81.6,92.6,76.7,76.1,7.8,83.0,7.0,100.0,Excellent
Pranav Sinha,ST1414,74.7,54.9,83.0,42.3,67.8,2.2,47.9,6.9,68.7,Average
Amit Patel,ST1415,69.1,51.0,66.4,50.8,64.1,4.7,66.4,5.2,67.8,Average
Pranav Kumar,ST1416,45.5,50.7,52.8,62.9,57.4,6.0,40.4,7.9,66.0,Average
Manish Pandey,ST1417,54.1,51.1,40.8,73.7,47.6,2.0,62.4,7.5,58.9,Average
Sameer Pandey,ST1418,71.2,30.6,48.0,81.9,52.0,0.6,71.2,6.8,70.9,Good
Deepak Kapoor,ST1419,89.8,65.7,71.6,77.6,70.1,2.6,64.5,7.3,78.2,Good
Aarav Chauhan,ST1420,90.9,88.6,71.6,79.0,93.4,5.9,85.0,6.4,100.0,Excellent
Tanya Gupta,ST1421,62.6,65.9,68.9,55.3,75.7,7.1,89.3,8.2,86.9,Excellent
Ayush Kumar,ST1422,78.9,93.0,83.5,87.2,87.3,4.4,99.5,7.7,95.1,Excellent
Diya Mishra,ST1423,71.1,81.9,85.2,66.6,62.7,5.1,73.5,5.8,84.4,Good
Akash Sharma,ST1424,54.6,43.8,69.0,57.8,72.8,5.4,69.7,5.7,72.7,Good
Ananya Bansal,ST1425,85.6,69.8,52.5,71.1,45.7,4.6,23.5,7.3,65.9,Average
Avni Gupta,ST1426,86.3,64.1,60.4,66.2,69.7,2.7,47.3,7.4,75.3,Good
Nikhil Agarwal,ST1427,47.7,53.7,52.1,46.2,46.7,1.9,60.2,7.9,60.4,Average
Aditya Shah,ST1428,75.2,69.8,65.6,54.9,52.3,6.1,62.3,6.7,77.0,Good
Vikram Verma,ST1429,45.0,25.0,27.9,45.8,32.3,3.4,30.7,6.5,37.2,At Risk
Meera Sharma,ST1430,80.8,84.7,81.2,78.3,60.1,8.2,64.0,7.1,91.8,Excellent
Sneha Joshi,ST1431,90.5,66.6,66.1,84.2,79.9,6.9,55.8,7.4,97.4,Excellent
Kavya Joshi,ST1432,89.4,75.0,60.7,51.8,68.5,4.0,43.7,8.4,82.5,Good
Ayush Kapoor,ST1433,92.8,84.7,93.4,80.6,70.3,9.0,76.3,7.3,97.2,Excellent
Nisha Patel,ST1434,75.2,88.9,58.5,80.0,77.0,3.5,76.0,6.3,86.9,Excellent
Shivam Rana,ST1435,100.0,80.2,85.6,80.9,87.2,3.8,90.5,7.4,90.3,Excellent
Amit Yadav,ST1436,87.0,67.4,77.7,61.2,80.7,5.5,65.5,6.7,87.1,Excellent
Ishaan Mishra,ST1437,71.1,45.8,62.5,54.9,57.8,6.0,41.8,5.9,71.6,Good
Aryan Verma,ST1438,71.6,50.1,65.8,68.2,76.7,5.3,60.7,5.2,73.6,Good
Deepak Singh,ST1439,55.3,25.0,25.0,45.3,36.8,1.4,24.9,9.5,53.9,Average
Shivam Sharma,ST1440,68.6,32.9,49.1,64.6,41.4,3.8,48.0,6.6,65.2,Average
Vikram Malhotra,ST1441,66.3,64.7,65.4,78.1,52.5,4.9,65.0,6.9,73.5,Good
Ayush Joshi,ST1442,73.5,94.0,72.5,71.3,78.9,5.5,64.1,7.2,87.6,Excellent
Sneha Chauhan,ST1443,58.5,77.8,63.1,74.2,52.4,3.0,74.4,7.3,71.2,Good
Rohan Singh,ST1444,54.1,39.4,62.3,57.7,65.9,1.6,40.5,4.9,54.9,Average
Mohit Gupta,ST1445,54.4,37.5,49.4,56.1,33.6,2.2,38.1,7.2,58.0,Average
Amit Sinha,ST1446,65.9,70.8,52.6,63.6,71.0,3.5,71.0,8.9,77.9,Good
Ishaan Kumar,ST1447,88.9,95.1,85.0,90.8,87.1,7.0,99.7,6.5,100.0,Excellent
Pooja Shah,ST1448,71.5,70.0,86.6,77.3,84.3,6.6,77.5,8.4,86.4,Excellent
Pooja Bansal,ST1449,87.0,74.4,76.5,84.2,84.3,5.3,71.6,7.0,92.2,Excellent
Vikram Malhotra,ST1450,78.4,66.3,55.2,61.9,59.1,3.0,64.2,6.9,76.8,Good
Varun Malhotra,ST1451,59.2,32.7,53.2,25.9,55.8,2.8,58.6,7.4,58.8,Average
Ishaan Sinha,ST1452,62.1,54.4,64.7,64.4,65.6,7.4,58.6,6.8,72.2,Good
Tanya Sharma,ST1453,65.6,67.5,56.8,51.4,66.3,2.5,66.4,7.3,66.3,Average
Nikhil Kapoor,ST1454,53.1,39.6,38.1,46.6,25.3,3.8,51.0,6.6,58.2,Average
Sameer Rana,ST1455,75.6,60.6,38.9,39.4,67.9,2.7,55.0,5.9,62.1,Average
Sameer Kapoor,ST1456,78.5,57.7,57.0,80.0,58.3,3.6,65.8,7.7,73.1,Good
Aditya Chauhan,ST1457,70.5,41.9,56.8,61.9,77.7,0.6,53.0,7.6,64.1,Average
Vikram Malhotra,ST1458,62.2,38.4,37.9,48.0,36.5,4.9,24.4,8.7,59.3,Average
Varun Sinha,ST1459,81.8,51.3,88.1,85.4,67.7,5.3,64.5,6.9,90.0,Excellent
Ananya Patel,ST1460,79.1,72.3,68.7,75.2,76.0,5.7,93.5,5.4,77.9,Good
Akash Mehta,ST1461,85.0,84.7,75.3,78.1,85.0,3.0,54.1,7.6,89.1,Excellent
Arjun Agarwal,ST1462,60.1,43.3,50.2,63.6,58.9,2.0,73.3,7.4,71.3,Good
Isha Kapoor,ST1463,83.4,65.0,62.5,73.4,71.5,6.2,84.6,6.4,89.4,Excellent
Riya Sharma,ST1464,92.2,78.1,84.4,72.6,74.7,6.2,86.8,7.5,100.0,Excellent
Rohan Mehta,ST1465,83.3,67.7,73.7,81.0,64.4,5.6,51.0,7.4,82.8,Good
Priya Kumar,ST1466,69.8,59.4,58.5,63.9,45.5,7.3,60.7,5.5,78.8,Good
Riya Patel,ST1467,95.4,84.7,71.1,55.5,90.4,5.5,60.8,6.5,89.1,Excellent
Sameer Gupta,ST1468,57.5,72.8,52.4,68.6,49.9,2.9,74.4,8.3,70.3,Good
Priya Sharma,ST1469,73.5,63.4,44.7,62.9,55.2,2.3,50.1,6.3,56.2,Average
Aman Verma,ST1470,81.5,75.2,74.1,91.4,83.1,4.1,72.9,6.9,86.0,Excellent
Avni Gupta,ST1471,73.6,53.0,67.5,71.2,66.4,3.6,69.3,7.4,81.1,Good
Avni Sharma,ST1472,79.7,99.1,79.8,70.2,76.5,5.4,74.7,5.8,82.7,Good
Tanya Shah,ST1473,79.7,56.5,63.7,49.9,61.2,4.1,74.2,7.0,84.5,Good
Sachin Kapoor,ST1474,77.5,63.7,70.7,78.3,57.8,5.0,60.4,6.9,81.9,Good
Shreya Shah,ST1475,76.8,64.5,67.9,64.3,58.7,4.5,38.6,6.7,70.1,Good
Nisha Pandey,ST1476,65.3,51.1,62.1,52.1,58.5,3.3,56.4,5.7,66.7,Average
Isha Malhotra,ST1477,80.2,88.2,86.8,70.9,67.4,5.9,87.5,6.9,95.4,Excellent
Amit Kapoor,ST1478,96.3,98.4,98.2,100.0,100.0,10.0,100.0,5.8,100.0,Excellent
Aman Yadav,ST1479,75.1,70.9,66.0,70.8,64.1,2.8,70.0,8.3,76.4,Good
Aditya Sinha,ST1480,50.1,61.1,78.3,73.8,54.0,3.6,73.7,7.6,83.4,Good
Shreya Kumar,ST1481,75.4,54.9,65.9,65.5,55.9,0.5,64.9,6.8,65.8,Average
Pranav Mishra,ST1482,90.0,57.0,50.4,56.4,71.5,3.0,48.3,6.8,71.6,Good
Priya Gupta,ST1483,95.8,85.8,68.2,100.0,96.0,5.1,78.4,7.1,100.0,Excellent
Meera Mishra,ST1484,65.3,41.5,56.0,60.0,61.8,2.3,31.8,6.9,62.1,Average
Avni Malhotra,ST1485,67.7,46.4,66.2,72.0,55.0,1.7,58.4,5.9,68.8,Average
Tanya Patel,ST1486,69.0,57.0,61.7,68.6,58.8,0.6,60.9,7.8,66.0,Average
Arjun Kapoor,ST1487,75.6,55.0,58.0,72.7,71.7,5.1,52.6,7.5,74.8,Good
Pranav Chauhan,ST1488,82.1,59.7,73.5,59.4,84.6,5.6,82.7,7.7,88.4,Excellent
Deepak Shah,ST1489,62.1,38.7,64.7,53.7,54.0,1.7,53.1,8.3,59.4,Average
Vikram Bansal,ST1490,81.5,48.4,62.4,68.1,74.1,0.5,46.5,6.7,69.6,Average
Pooja Sharma,ST1491,100.0,83.2,89.6,88.6,88.3,6.7,67.4,7.6,97.1,Excellent
Vikram Mishra,ST1492,72.4,61.0,66.1,82.0,58.0,5.3,88.3,5.8,81.7,Good
Deepak Yadav,ST1493,75.3,50.6,63.6,81.2,100.0,5.8,83.4,7.3,92.2,Excellent
Shreya Saxena,ST1494,75.9,64.3,76.1,62.4,54.8,2.9,64.4,6.5,65.4,Average
Aman Gupta,ST1495,88.9,72.6,89.6,95.5,65.0,5.3,95.9,7.4,92.6,Excellent
Sneha Malhotra,ST1496,56.0,44.4,51.2,51.4,34.7,1.3,52.9,5.9,45.1,At Risk
Rahul Joshi,ST1497,61.3,68.0,87.7,71.8,90.6,2.7,56.0,7.8,80.0,Good
Riya Chauhan,ST1498,84.6,73.3,49.9,90.3,87.2,2.9,58.1,6.5,82.1,Good
Vikram Joshi,ST1499,67.6,28.2,44.0,57.3,48.8,1.4,44.6,7.9,55.8,Average
Neha Mishra,ST1500,75.5,70.3,48.3,45.7,61.3,2.9,52.2,7.6,60.8,Average
Nikhil Sharma,ST1501,84.8,73.0,83.4,76.5,83.1,6.1,81.3,7.3,97.0,Excellent
Sneha Chauhan,ST1502,99.6,68.3,56.6,96.4,59.4,4.1,96.4,7.2,80.4,Good
Shreya Sharma,ST1503,84.2,67.4,90.9,76.6,93.8,5.5,100.0,5.8,96.6,Excellent
Vikram Kapoor,ST1504,76.9,58.0,70.0,76.6,74.2,2.2,46.5,8.8,74.2,Good
Mohit Kapoor,ST1505,57.8,80.7,64.1,57.2,50.1,0.9,67.9,7.4,64.8,Average
Aryan Joshi,ST1506,55.1,25.0,42.4,50.7,49.8,3.1,49.1,7.1,56.0,Average
Avni Pandey,ST1507,82.9,54.5,85.3,76.4,78.4,4.6,85.5,8.4,93.2,Excellent
Pranav Joshi,ST1508,85.4,82.2,83.4,97.4,79.0,3.0,75.8,6.4,97.7,Excellent
Shivam Pandey,ST1509,73.9,85.4,89.5,77.0,74.2,6.9,87.5,6.7,92.5,Excellent
Pooja Mishra,ST1510,97.4,86.4,85.0,67.5,86.1,6.2,70.7,7.0,90.3,Excellent
Tanya Verma,ST1511,88.5,77.0,70.3,95.2,67.8,5.8,100.0,6.7,94.2,Excellent
Anjali Bansal,ST1512,83.9,72.8,96.5,86.1,97.3,7.2,90.2,7.0,94.6,Excellent
Priya Verma,ST1513,62.7,52.0,70.9,74.1,65.3,2.4,74.4,6.7,75.4,Good
Priya Rana,ST1514,50.4,43.4,44.1,39.6,39.9,3.8,33.4,7.1,57.8,Average
Nisha Mehta,ST1515,88.1,95.5,81.0,80.1,78.1,2.5,70.0,7.4,95.6,Excellent
Ananya Sharma,ST1516,51.6,47.7,47.2,53.9,44.9,1.5,28.7,8.8,62.4,Average
Riya Mishra,ST1517,75.5,73.9,73.7,62.8,68.2,3.9,87.5,8.8,85.8,Excellent
Neha Bansal,ST1518,74.9,65.6,91.2,84.6,86.2,4.4,66.1,7.2,88.2,Excellent
Mohit Rana,ST1519,96.1,73.9,67.4,57.6,69.1,7.0,69.6,8.0,86.3,Excellent
Anjali Rana,ST1520,98.4,81.6,87.9,81.7,89.6,8.0,93.6,5.9,97.8,Excellent
Meera Joshi,ST1521,65.7,58.9,46.1,63.2,30.8,0.5,50.1,9.5,62.2,Average
Meera Malhotra,ST1522,78.6,52.8,60.6,62.7,66.9,2.2,51.5,7.1,65.6,Average
Anjali Sharma,ST1523,74.8,56.5,58.1,65.7,80.7,8.2,78.5,6.6,84.1,Good
Sakshi Shah,ST1524,60.7,31.3,60.8,58.7,50.6,1.9,66.8,7.9,60.7,Average
Rohan Sinha,ST1525,56.9,50.9,50.3,56.3,49.1,1.6,46.2,8.3,64.3,Average
Manish Rana,ST1526,62.5,54.5,38.2,68.6,50.3,5.4,57.4,6.8,68.6,Average
Riya Saxena,ST1527,54.9,67.4,62.3,61.7,37.6,0.5,62.3,5.5,64.5,Average
Vikram Sinha,ST1528,63.9,72.1,61.3,55.5,78.5,6.7,69.8,7.4,81.5,Good
Khushi Sharma,ST1529,87.7,48.5,65.5,58.0,65.6,2.4,48.8,6.4,65.0,Average
Ishaan Sinha,ST1530,80.7,78.7,81.6,65.3,79.5,5.8,80.2,7.7,93.7,Excellent
Aditya Rana,ST1531,94.7,59.8,76.7,71.7,78.3,4.5,93.9,7.8,88.6,Excellent
Rohan Patel,ST1532,73.7,64.7,53.6,76.2,66.9,2.6,93.1,7.5,76.0,Good
Aman Sharma,ST1533,59.6,61.0,42.4,69.1,59.9,4.3,70.0,8.0,70.5,Good
Arjun Mehta,ST1534,69.0,56.2,63.7,51.2,66.4,6.5,80.6,6.3,77.8,Good
Akash Agarwal,ST1535,81.6,90.2,78.9,88.5,76.3,1.9,75.8,8.8,88.0,Excellent
Avni Sinha,ST1536,79.8,95.9,84.3,73.2,69.2,3.1,62.3,7.4,89.3,Excellent
Sanya Sharma,ST1537,92.2,85.9,92.2,76.6,100.0,9.0,89.5,6.3,100.0,Excellent
Nikhil Bansal,ST1538,77.9,70.6,100.0,87.4,100.0,6.5,100.0,8.0,99.6,Excellent
Anjali Malhotra,ST1539,93.0,85.9,72.7,66.5,79.9,7.5,82.2,6.0,100.0,Excellent
Aarav Singh,ST1540,51.7,26.5,38.3,33.4,36.4,2.8,43.3,5.2,44.3,At Risk
Nisha Malhotra,ST1541,82.3,69.1,63.7,90.0,71.3,5.4,73.7,5.7,84.4,Good
Sneha Singh,ST1542,85.0,46.2,65.5,68.4,54.3,4.3,59.6,8.5,69.8,Average
Sameer Kapoor,ST1543,70.5,66.9,83.0,62.2,67.0,6.2,84.3,7.1,85.2,Excellent
Arjun Verma,ST1544,77.9,75.6,75.5,63.7,61.9,2.8,77.4,7.4,79.3,Good
Shivam Chauhan,ST1545,79.6,48.1,72.3,71.9,72.0,5.0,100.0,7.9,84.2,Good
Sakshi Chauhan,ST1546,45.0,28.6,53.9,54.0,52.6,3.6,36.7,7.5,62.1,Average
Karan Kumar,ST1547,95.1,65.3,74.0,78.0,72.8,3.7,77.7,6.9,92.9,Excellent
Sneha Chauhan,ST1548,87.7,60.9,47.0,61.3,30.1,5.9,59.8,6.5,77.8,Good
Sachin Saxena,ST1549,75.6,68.3,61.1,68.7,52.4,4.3,53.8,5.9,73.3,Good
Khushi Mehta,ST1550,80.2,79.6,67.2,72.5,87.6,3.1,65.3,6.2,83.0,Good
Avni Mehta,ST1551,73.3,47.4,67.3,63.3,74.1,4.3,70.9,7.3,83.5,Good
Sameer Sinha,ST1552,81.4,71.3,71.1,69.5,52.1,3.5,75.0,7.0,74.7,Good
Manish Kumar,ST1553,76.2,42.5,56.9,73.1,41.3,3.4,44.6,7.7,71.3,Good
Riya Bansal,ST1554,74.0,63.2,69.1,75.1,74.2,3.8,68.5,7.1,75.8,Good
Aditya Sharma,ST1555,99.0,76.8,84.7,87.3,72.9,4.2,65.4,6.0,94.5,Excellent
Amit Pandey,ST1556,78.9,54.6,74.4,73.3,45.3,1.9,66.7,7.6,72.4,Good
Ayush Agarwal,ST1557,75.5,65.7,88.5,75.9,83.7,3.7,77.4,7.3,82.2,Good
Aditya Singh,ST1558,80.7,85.8,100.0,78.4,88.5,5.6,79.7,6.9,93.8,Excellent
Nikhil Yadav,ST1559,64.2,52.8,58.1,76.8,54.8,3.3,60.0,7.4,68.5,Average
Meera Gupta,ST1560,73.5,54.8,69.3,61.3,73.0,1.3,82.3,9.4,81.0,Good
Sneha Patel,ST1561,69.1,91.2,95.1,66.3,67.0,5.3,91.7,5.8,95.0,Excellent
Rohan Joshi,ST1562,66.1,84.9,75.2,73.3,60.0,2.6,67.2,6.3,75.8,Good
Sanya Yadav,ST1563,98.1,55.8,87.6,78.7,76.6,7.5,69.3,5.0,86.5,Excellent
Shivam Pandey,ST1564,70.1,71.1,53.2,75.6,53.5,6.8,82.2,6.9,90.9,Excellent
Neha Yadav,ST1565,76.5,89.0,53.9,70.8,64.6,3.3,90.8,5.3,82.4,Good
Nisha Rana,ST1566,59.8,74.7,66.9,67.8,77.3,7.6,88.4,6.9,83.9,Good
Avni Chauhan,ST1567,79.0,53.5,70.0,59.9,52.6,3.1,41.6,7.2,72.3,Good
Nikhil Rana,ST1568,73.0,91.7,71.1,75.7,86.4,3.5,77.0,6.6,84.5,Good
Kavya Chauhan,ST1569,53.1,49.2,49.4,69.0,35.3,4.7,42.4,7.5,58.5,Average
Aryan Malhotra,ST1570,93.3,88.7,90.1,81.1,89.5,8.8,71.6,6.8,100.0,Excellent
Aditya Shah,ST1571,80.6,66.9,63.1,74.3,75.1,6.6,85.5,8.4,83.6,Good
Pooja Mehta,ST1572,81.4,65.1,67.8,58.1,59.1,3.0,79.4,7.9,75.7,Good
Aryan Mishra,ST1573,71.1,79.6,77.6,83.4,81.3,3.4,98.5,7.1,85.9,Excellent
Aman Shah,ST1574,77.5,81.2,81.9,78.5,65.3,4.6,82.3,4.8,81.5,Good
Sanya Gupta,ST1575,82.8,77.5,89.6,74.5,95.0,10.0,83.4,7.3,100.0,Excellent
Ayush Patel,ST1576,78.2,77.1,89.1,99.2,89.1,4.2,86.1,8.0,97.0,Excellent
Khushi Agarwal,ST1577,83.9,48.4,73.2,76.2,75.9,6.4,61.4,8.2,83.1,Good
Shreya Joshi,ST1578,74.8,49.4,39.8,56.5,52.9,3.2,74.0,4.9,65.0,Average
Tanya Verma,ST1579,66.6,68.4,61.9,65.1,69.3,5.4,52.6,7.2,84.0,Good
Kavya Gupta,ST1580,88.0,69.2,66.7,66.0,79.2,2.3,62.2,8.0,76.9,Good
Pooja Patel,ST1581,78.7,68.1,87.6,93.6,97.0,5.5,77.3,8.1,89.8,Excellent
Deepak Agarwal,ST1582,83.9,38.1,57.3,74.3,57.1,2.4,25.7,7.9,62.7,Average
Neha Patel,ST1583,76.3,58.6,62.9,70.7,71.7,2.6,73.9,7.4,77.9,Good
Priya Malhotra,ST1584,82.5,99.2,89.9,100.0,100.0,8.2,78.8,5.6,100.0,Excellent
Sanya Yadav,ST1585,91.8,58.4,58.6,59.7,64.3,2.5,75.0,7.2,79.3,Good
Anjali Agarwal,ST1586,64.7,40.9,47.9,71.3,74.4,4.2,55.0,7.5,76.3,Good
Kavya Chauhan,ST1587,93.6,68.6,80.1,81.9,78.9,5.6,71.8,7.7,82.5,Good
Aditya Mishra,ST1588,75.7,67.9,76.4,67.4,57.1,2.8,54.0,5.7,69.7,Average
Aarav Sinha,ST1589,64.5,60.6,44.1,55.5,44.2,1.4,68.0,7.7,58.6,Average
Shreya Sinha,ST1590,93.5,75.7,77.3,87.7,66.1,6.4,99.8,5.4,94.9,Excellent
Pranav Mishra,ST1591,75.1,66.9,66.3,70.9,58.6,3.5,71.0,7.4,76.9,Good
Vikram Mishra,ST1592,72.4,76.0,76.8,57.6,66.9,4.6,71.7,5.9,66.4,Average
Shreya Rana,ST1593,79.1,51.2,68.5,85.7,69.1,4.0,68.8,5.7,80.7,Good
Varun Malhotra,ST1594,81.4,81.7,73.9,82.4,84.4,4.3,83.8,8.9,98.1,Excellent
Shivam Verma,ST1595,55.0,39.8,46.0,47.7,41.5,1.6,40.2,6.0,61.3,Average
Nisha Gupta,ST1596,69.8,47.4,70.1,59.9,61.3,6.5,79.8,6.2,78.3,Good
Sameer Kumar,ST1597,88.2,99.0,69.8,90.1,79.5,6.9,69.9,6.8,99.7,Excellent
Meera Sinha,ST1598,100.0,80.1,100.0,85.9,64.7,5.9,95.0,4.8,90.1,Excellent
Shivam Pandey,ST1599,62.4,30.7,57.8,67.5,62.9,1.4,71.5,8.2,57.7,Average
Kavya Shah,ST1600,95.1,69.2,85.3,83.4,77.5,5.0,65.9,6.3,95.2,Excellent
Sanya Joshi,ST1601,61.8,44.6,50.2,74.1,59.7,1.9,48.8,6.3,65.1,Average
Pranav Verma,ST1602,63.3,52.6,60.6,74.3,61.5,2.7,63.0,8.2,77.6,Good
Aryan Joshi,ST1603,100.0,55.9,66.9,62.3,65.4,0.9,69.2,6.2,72.0,Good
Vikram Rana,ST1604,80.9,63.6,50.3,65.6,56.2,4.6,61.9,7.5,86.8,Excellent
Aarav Mishra,ST1605,90.1,74.8,70.0,82.2,80.0,9.3,81.1,6.5,98.8,Excellent
Vikram Agarwal,ST1606,83.0,67.4,62.9,93.0,65.1,5.2,46.4,7.0,79.3,Good
Pooja Mehta,ST1607,86.4,69.8,52.7,67.5,66.8,5.6,75.7,6.9,81.0,Good
Shivam Singh,ST1608,88.3,69.4,79.7,82.0,69.5,7.4,89.4,6.8,86.5,Excellent
Sneha Yadav,ST1609,74.3,67.6,56.6,70.8,63.2,3.0,76.6,5.0,68.2,Average
Rohan Patel,ST1610,64.7,50.5,80.3,65.5,67.3,4.0,74.0,6.2,73.4,Good
Sanya Yadav,ST1611,93.8,84.7,67.7,86.1,67.0,3.4,75.5,6.3,93.0,Excellent
Manish Gupta,ST1612,78.2,90.0,75.7,74.9,83.8,5.5,62.2,8.0,91.8,Excellent
Kavya Agarwal,ST1613,76.4,57.0,52.6,77.1,57.3,4.0,52.6,7.3,78.5,Good
Deepak Saxena,ST1614,45.0,47.5,31.7,47.9,46.3,1.1,48.8,7.5,51.9,Average
Nisha Sinha,ST1615,83.8,58.4,76.6,93.6,79.7,6.9,61.6,8.6,88.0,Excellent
Arjun Rana,ST1616,45.0,38.8,54.8,53.0,59.8,1.1,39.8,5.4,55.5,Average
Nikhil Gupta,ST1617,70.4,79.5,70.0,72.8,60.8,9.1,65.0,7.9,87.4,Excellent
Karan Patel,ST1618,71.4,88.6,68.0,80.7,83.3,6.7,62.8,6.8,88.5,Excellent
Arjun Bansal,ST1619,86.7,77.4,75.0,65.7,82.0,5.2,63.3,6.2,95.6,Excellent
Pooja Yadav,ST1620,55.4,25.0,48.7,59.3,56.3,5.2,46.3,6.4,64.3,Average
Isha Joshi,ST1621,70.1,59.7,78.9,69.4,71.3,0.9,73.6,7.0,70.1,Good
Pranav Kapoor,ST1622,84.7,80.0,69.5,71.9,68.9,3.6,74.5,8.7,89.7,Excellent
Sakshi Agarwal,ST1623,54.2,53.0,61.4,51.3,43.6,2.1,54.6,7.6,58.2,Average
Karan Mehta,ST1624,51.1,75.2,81.7,70.7,56.9,4.6,72.4,7.7,72.0,Good
Kavya Mehta,ST1625,74.7,60.5,62.1,62.9,67.6,4.2,69.7,6.3,80.7,Good
Ishaan Kapoor,ST1626,54.2,51.9,66.2,70.6,54.1,3.5,64.5,7.3,71.2,Good
Anjali Joshi,ST1627,68.5,70.3,78.5,73.9,60.2,7.0,57.8,7.7,84.8,Good
Arjun Bansal,ST1628,64.1,40.0,63.4,62.8,66.9,4.4,50.9,8.2,64.4,Average
Nikhil Bansal,ST1629,63.1,48.6,80.1,67.5,67.7,5.4,89.3,5.6,76.4,Good
Sachin Pandey,ST1630,64.6,49.2,68.6,67.5,63.2,4.5,99.5,7.9,79.4,Good
Varun Singh,ST1631,57.0,60.1,54.2,66.9,48.7,1.6,70.4,7.3,60.4,Average
Khushi Agarwal,ST1632,86.4,60.6,65.9,80.1,70.8,6.1,67.8,7.2,86.0,Excellent
Varun Rana,ST1633,74.9,80.6,80.3,97.6,97.4,6.3,100.0,6.3,100.0,Excellent
Ishaan Singh,ST1634,58.2,31.8,34.7,59.6,40.9,0.5,42.3,9.1,54.9,Average
Sanya Singh,ST1635,92.9,65.3,76.8,94.0,74.9,7.0,82.1,7.0,97.0,Excellent
Sneha Mishra,ST1636,96.0,97.5,83.7,82.0,87.2,2.9,84.5,6.7,92.0,Excellent
Vikram Yadav,ST1637,89.8,85.7,98.7,83.6,76.0,10.0,88.9,5.9,99.8,Excellent
Varun Kapoor,ST1638,71.3,61.8,78.3,70.1,87.8,5.1,69.0,7.8,83.1,Good
Aman Shah,ST1639,65.9,53.3,64.1,63.2,55.4,1.7,70.9,8.1,74.3,Good
Khushi Sharma,ST1640,75.0,57.0,69.7,72.7,73.2,6.4,73.3,6.9,83.2,Good
Karan Shah,ST1641,68.1,57.9,71.9,58.0,68.3,4.4,64.9,6.7,74.7,Good
Aditya Singh,ST1642,56.1,72.7,71.8,49.8,73.0,7.5,71.0,7.7,81.5,Good
Sanya Shah,ST1643,86.1,77.3,75.9,86.6,92.3,8.0,71.3,6.1,90.6,Excellent
Diya Bansal,ST1644,67.3,78.3,39.3,59.3,54.0,1.2,40.3,6.9,70.2,Good
Sakshi Singh,ST1645,83.4,28.8,65.0,73.0,76.2,2.6,44.3,9.5,73.1,Good
Varun Chauhan,ST1646,91.4,72.5,90.3,73.3,80.1,3.6,82.1,7.6,87.8,Excellent
Riya Rana,ST1647,98.8,74.5,89.5,92.6,100.0,8.2,94.1,6.5,100.0,Excellent
Riya Yadav,ST1648,86.3,79.3,82.2,81.9,92.8,8.5,73.1,6.1,96.0,Excellent
Karan Yadav,ST1649,75.5,74.2,70.3,80.1,70.1,3.2,77.0,7.0,83.2,Good
Avni Mehta,ST1650,93.3,100.0,62.4,69.7,71.4,5.7,82.3,8.2,91.3,Excellent
Meera Gupta,ST1651,79.3,72.6,69.0,86.4,57.6,4.3,82.6,7.9,85.6,Excellent
Aarav Rana,ST1652,90.0,70.0,89.0,70.7,53.3,6.5,95.2,6.2,89.6,Excellent
Akash Shah,ST1653,87.6,87.7,88.6,86.4,72.7,6.4,51.4,6.5,100.0,Excellent
Ishaan Bansal,ST1654,65.0,46.6,42.9,44.5,64.2,4.7,66.1,5.7,74.0,Good
Aman Bansal,ST1655,82.3,87.7,63.6,65.0,65.4,4.0,73.0,7.4,87.4,Excellent
Sneha Saxena,ST1656,65.9,71.3,87.4,72.6,60.3,4.2,54.7,4.5,75.5,Good
Aarav Chauhan,ST1657,66.6,75.1,57.7,69.2,75.9,5.3,70.9,5.4,82.4,Good
Isha Joshi,ST1658,60.9,38.5,54.3,70.0,53.8,3.4,79.8,7.3,71.3,Good
Isha Rana,ST1659,89.6,93.6,69.0,76.6,92.7,5.7,95.2,4.5,90.6,Excellent
Nisha Kumar,ST1660,58.3,47.1,43.6,79.1,55.6,5.6,45.9,9.2,65.3,Average
Deepak Gupta,ST1661,62.3,58.0,55.2,70.1,70.9,7.4,51.4,5.8,68.3,Average
Sneha Mishra,ST1662,73.3,49.3,53.9,60.2,58.2,2.8,44.6,7.7,67.3,Average
Ananya Mehta,ST1663,81.4,65.0,68.3,74.2,78.6,9.3,81.2,7.8,92.3,Excellent
Nisha Mishra,ST1664,71.5,51.6,80.1,80.7,79.1,3.6,71.2,7.4,78.5,Good
Diya Verma,ST1665,66.2,60.1,49.8,52.1,64.8,5.4,74.3,6.9,70.4,Good
Pooja Mehta,ST1666,50.3,38.5,61.1,71.7,78.5,3.2,68.8,6.7,64.4,Average
Aman Malhotra,ST1667,66.3,62.4,58.3,60.0,60.2,2.8,78.8,6.0,72.9,Good
Meera Sinha,ST1668,100.0,97.7,84.4,94.6,74.5,8.7,70.8,6.1,89.8,Excellent
Avni Mishra,ST1669,57.8,55.9,42.9,55.0,35.7,2.8,74.2,7.4,65.4,Average
Sanya Joshi,ST1670,64.7,78.5,75.9,80.8,88.7,7.6,91.7,6.7,92.1,Excellent
Akash Patel,ST1671,70.6,61.3,75.9,74.6,82.7,6.4,67.3,5.9,90.5,Excellent
Amit Gupta,ST1672,69.4,36.1,70.4,49.6,54.7,4.1,48.0,8.2,70.2,Good
Nikhil Rana,ST1673,92.7,95.5,78.7,89.0,88.6,7.3,94.6,5.3,92.7,Excellent
Aryan Singh,ST1674,77.7,67.1,89.6,68.4,85.2,7.1,55.7,7.3,82.3,Good
Meera Rana,ST1675,63.7,57.5,52.8,72.6,60.0,5.4,53.1,7.8,69.8,Average
Shivam Bansal,ST1676,45.0,38.7,42.3,44.2,28.1,1.4,33.4,7.7,50.2,Average
Khushi Rana,ST1677,80.6,75.4,87.4,74.2,53.3,5.5,69.6,8.6,81.2,Good
Nisha Singh,ST1678,82.1,84.7,95.5,69.9,56.5,7.0,62.1,7.2,92.4,Excellent
Sakshi Singh,ST1679,76.3,67.7,71.5,55.3,56.7,3.2,46.2,8.6,79.1,Good
Tanya Shah,ST1680,54.6,25.8,52.2,73.0,46.1,2.3,44.9,4.7,51.5,Average
Pooja Joshi,ST1681,96.0,72.9,82.6,78.1,88.8,4.6,70.8,8.0,89.3,Excellent
Aman Chauhan,ST1682,54.9,25.0,50.4,48.6,31.8,3.4,30.3,7.8,44.7,At Risk
Sneha Verma,ST1683,78.4,79.4,74.2,75.5,64.8,4.5,78.3,7.6,93.0,Excellent
Ayush Joshi,ST1684,81.2,62.6,54.7,55.2,47.5,4.9,79.3,7.6,84.7,Good
Akash Joshi,ST1685,75.1,78.1,75.3,96.5,69.5,4.7,78.8,6.6,92.9,Excellent
Akash Verma,ST1686,52.6,56.8,58.4,57.6,64.5,6.1,81.1,7.6,74.9,Good
Deepak Agarwal,ST1687,84.3,57.4,60.8,77.6,82.3,5.1,61.4,8.8,85.1,Excellent
Aryan Kapoor,ST1688,70.7,45.8,55.0,63.9,60.3,6.0,50.1,5.0,72.8,Good
Vikram Gupta,ST1689,71.3,47.5,69.6,80.2,74.8,6.8,72.7,8.0,85.5,Excellent
Ayush Verma,ST1690,85.5,57.5,82.9,76.0,83.9,5.0,80.7,6.9,73.6,Good
Nisha Kapoor,ST1691,84.0,50.7,66.3,65.6,73.7,7.0,70.0,6.1,86.5,Excellent
Tanya Malhotra,ST1692,65.2,58.6,70.8,56.7,63.6,4.4,72.3,5.9,79.1,Good
Amit Saxena,ST1693,65.9,40.9,63.9,45.6,60.9,3.7,44.1,7.5,71.4,Good
Pranav Bansal,ST1694,48.6,61.7,60.6,62.5,75.8,2.4,29.0,8.9,71.1,Good
Ananya Gupta,ST1695,68.2,61.5,63.9,77.2,58.0,4.8,67.8,6.6,81.0,Good
Diya Gupta,ST1696,68.9,65.7,64.5,52.5,70.2,4.7,76.5,7.7,72.4,Good
Diya Rana,ST1697,93.0,95.6,85.3,98.9,89.6,7.1,79.1,6.7,100.0,Excellent
Vikram Shah,ST1698,61.8,59.5,52.0,76.6,60.1,1.7,57.1,5.7,62.4,Average
Sakshi Sinha,ST1699,59.8,41.5,54.5,47.6,63.7,0.5,46.4,7.4,65.0,Average
Akash Malhotra,ST1700,51.5,96.4,87.8,65.1,70.7,3.3,70.0,6.5,82.2,Good
Sanya Malhotra,ST1701,93.5,92.5,84.8,73.3,88.7,7.1,96.2,5.7,98.9,Excellent
Priya Shah,ST1702,61.6,50.3,43.5,61.3,50.5,4.0,41.6,6.7,59.0,Average
Sameer Patel,ST1703,95.5,91.6,100.0,87.2,92.1,9.0,99.4,6.2,100.0,Excellent
Nisha Sinha,ST1704,65.7,73.6,79.2,72.9,82.3,4.4,67.0,8.1,80.2,Good
Karan Malhotra,ST1705,88.9,76.2,87.1,74.8,60.9,6.2,56.5,6.9,92.4,Excellent
Rahul Sharma,ST1706,100.0,85.5,92.0,84.8,91.8,5.2,81.5,5.6,100.0,Excellent
Diya Mishra,ST1707,83.1,83.1,67.4,86.3,86.7,8.1,99.3,7.8,100.0,Excellent
Pooja Agarwal,ST1708,79.7,55.6,72.2,67.9,60.9,3.2,58.4,7.6,79.6,Good
Shreya Patel,ST1709,79.3,62.9,95.5,75.0,82.3,8.1,79.8,6.9,91.4,Excellent
Anjali Gupta,ST1710,76.9,45.5,65.3,81.2,61.3,4.4,71.2,7.9,70.0,Average
Sachin Agarwal,ST1711,72.1,88.9,60.8,77.8,73.1,8.6,83.5,6.5,95.7,Excellent
Avni Mishra,ST1712,94.1,63.2,85.1,85.8,85.1,6.4,100.0,6.3,95.1,Excellent
Rohan Mehta,ST1713,65.5,55.9,54.2,59.3,81.2,3.4,45.4,7.5,75.3,Good
Sachin Bansal,ST1714,72.0,62.6,61.1,86.9,84.2,4.3,77.7,7.7,85.5,Excellent
Shreya Verma,ST1715,66.0,50.1,70.9,79.5,57.3,7.9,74.9,7.0,82.6,Good
Ishaan Shah,ST1716,76.9,58.9,74.0,82.0,77.4,6.4,61.1,7.6,87.7,Excellent
Riya Yadav,ST1717,84.6,68.8,53.9,66.2,75.3,5.5,70.4,7.0,89.2,Excellent
Varun Verma,ST1718,89.2,52.0,86.9,65.7,51.8,5.0,80.8,6.0,79.6,Good
Sakshi Shah,ST1719,89.0,78.0,92.8,91.6,83.1,5.4,80.0,6.3,98.4,Excellent
Priya Rana,ST1720,49.1,47.0,31.7,57.1,50.2,3.9,49.5,8.5,63.0,Average
Kavya Malhotra,ST1721,59.9,29.3,54.5,54.2,48.5,2.1,33.5,7.4,49.4,At Risk
Sachin Verma,ST1722,71.7,55.6,51.7,46.3,44.5,2.1,56.2,6.2,56.0,Average
Nisha Shah,ST1723,71.1,60.0,94.0,92.3,82.3,7.4,82.7,5.5,91.3,Excellent
Shivam Saxena,ST1724,58.7,52.5,51.5,72.4,49.4,4.0,53.6,5.8,63.3,Average
Ananya Sinha,ST1725,81.8,80.7,76.9,70.1,66.3,4.7,65.9,7.9,82.4,Good
Rohan Mehta,ST1726,75.2,48.9,63.3,63.2,64.0,6.8,66.5,7.1,84.1,Good
Avni Joshi,ST1727,61.2,52.3,50.8,55.8,69.0,2.0,61.4,9.2,62.2,Average
Sakshi Verma,ST1728,85.5,77.5,68.6,78.9,71.2,2.8,70.4,7.8,83.0,Good
Rahul Kapoor,ST1729,82.5,54.5,46.4,72.3,64.0,3.0,59.6,7.9,69.4,Average
Rohan Gupta,ST1730,71.7,61.1,69.6,60.1,61.6,4.4,62.0,9.1,86.1,Excellent
Riya Kumar,ST1731,75.7,74.2,67.1,60.9,86.7,6.0,72.6,5.9,95.8,Excellent
Meera Kumar,ST1732,87.5,69.2,48.3,77.2,83.3,4.2,95.9,5.6,81.0,Good
Aman Rana,ST1733,63.0,60.9,56.2,69.2,47.2,9.5,46.9,7.0,83.5,Good
Deepak Rana,ST1734,94.0,80.7,89.1,78.5,82.4,5.9,58.6,6.6,99.6,Excellent
Avni Sharma,ST1735,100.0,77.4,71.3,80.8,75.3,6.6,100.0,7.1,100.0,Excellent
Neha Bansal,ST1736,52.7,58.9,42.8,47.0,53.5,0.5,40.4,8.8,62.2,Average
Ishaan Kapoor,ST1737,66.5,60.5,74.7,66.8,85.0,2.4,89.0,8.1,72.3,Good
Riya Yadav,ST1738,75.3,70.5,37.8,75.2,44.8,1.1,79.3,9.0,76.4,Good
Shreya Singh,ST1739,70.4,66.1,70.1,65.0,66.3,7.7,82.9,5.8,85.9,Excellent
Deepak Mehta,ST1740,51.1,45.7,55.9,75.0,55.0,5.0,68.0,7.9,70.2,Good
Riya Mishra,ST1741,72.8,84.4,80.9,85.4,83.6,6.6,65.6,6.0,91.0,Excellent
Sameer Patel,ST1742,55.5,47.8,34.7,41.3,50.8,0.5,32.5,9.2,56.0,Average
Isha Sinha,ST1743,72.3,35.3,51.6,72.3,64.2,3.7,68.5,7.6,69.5,Average
Ayush Verma,ST1744,74.7,75.7,56.1,78.0,56.4,7.5,68.6,7.2,83.6,Good
Sanya Kumar,ST1745,80.6,55.0,52.4,59.9,66.0,2.8,50.3,6.7,65.3,Average
Kavya Singh,ST1746,78.4,57.2,67.4,70.9,44.5,1.9,67.6,6.8,72.8,Good
Diya Joshi,ST1747,94.6,73.4,93.3,66.4,72.7,4.1,73.8,7.5,89.1,Excellent
Varun Kapoor,ST1748,76.2,70.3,68.3,76.4,64.4,4.1,81.5,8.9,81.2,Good
Riya Mishra,ST1749,85.7,43.0,74.8,69.7,92.1,5.8,63.6,8.5,87.1,Excellent
Sakshi Verma,ST1750,86.4,64.5,67.9,75.2,77.1,1.9,78.1,7.7,81.0,Good
Ishaan Pandey,ST1751,72.9,63.5,41.3,78.5,66.8,4.3,81.7,6.7,78.4,Good
Neha Mishra,ST1752,74.0,71.4,89.4,81.7,77.4,3.7,56.4,7.7,85.5,Excellent
Priya Singh,ST1753,49.6,49.7,55.0,55.5,65.3,2.9,60.9,8.5,69.9,Average
Kavya Yadav,ST1754,72.2,62.1,64.0,65.8,57.5,4.7,47.3,7.3,73.9,Good
Rahul Kapoor,ST1755,82.5,58.5,65.2,84.5,54.7,1.9,84.9,7.0,75.2,Good
Karan Gupta,ST1756,56.3,68.3,71.0,77.8,60.9,4.2,90.9,7.8,81.4,Good
Meera Patel,ST1757,70.4,72.5,71.2,57.8,44.0,4.7,65.1,6.8,77.7,Good
Manish Gupta,ST1758,95.6,83.2,83.8,94.9,86.9,7.0,87.9,6.4,100.0,Excellent
Akash Sharma,ST1759,69.2,67.8,67.8,76.1,94.2,5.4,63.7,6.9,89.5,Excellent
Tanya Kapoor,ST1760,79.1,49.7,71.2,54.6,61.8,4.6,58.3,7.7,75.9,Good
Sanya Singh,ST1761,74.0,75.2,63.2,72.1,71.7,5.8,69.3,6.7,77.2,Good
Pooja Yadav,ST1762,71.3,68.8,83.8,75.2,53.7,3.1,53.1,7.2,80.5,Good
Khushi Kapoor,ST1763,74.4,46.3,45.7,49.6,45.6,5.3,61.7,7.1,70.7,Good
Karan Malhotra,ST1764,63.6,47.7,64.2,73.7,73.4,2.1,52.6,7.0,70.3,Good
Pooja Rana,ST1765,65.1,55.3,69.2,88.8,49.5,4.7,59.7,8.6,81.8,Good
Riya Malhotra,ST1766,65.2,50.6,48.6,80.7,58.7,3.1,66.3,9.1,71.3,Good
Isha Chauhan,ST1767,72.0,82.8,89.5,78.0,82.4,2.5,67.6,7.0,78.0,Good
Anjali Singh,ST1768,77.7,80.2,73.4,68.7,77.7,3.7,76.8,6.4,79.5,Good
Riya Yadav,ST1769,82.7,91.0,100.0,84.0,81.6,5.9,77.0,6.4,84.2,Good
Nisha Singh,ST1770,79.3,92.2,87.7,61.1,69.1,6.8,80.6,7.2,95.7,Excellent
Meera Chauhan,ST1771,77.1,83.0,88.2,81.7,90.5,9.9,78.9,6.3,100.0,Excellent
Isha Chauhan,ST1772,60.3,65.6,79.3,48.2,50.1,3.7,60.5,5.9,73.9,Good
Anjali Rana,ST1773,67.8,42.0,66.2,67.0,58.0,1.1,45.9,7.3,67.9,Average
Meera Kumar,ST1774,93.7,69.9,75.9,71.9,77.0,3.0,86.4,7.6,84.5,Good
Aryan Patel,ST1775,92.0,66.5,66.8,87.8,83.5,7.6,80.6,7.7,91.7,Excellent
Neha Verma,ST1776,55.9,53.3,36.2,58.7,32.2,3.9,44.8,8.9,59.1,Average
Nisha Malhotra,ST1777,59.6,58.5,64.7,59.1,81.0,3.2,63.4,6.8,81.3,Good
Ayush Shah,ST1778,63.1,34.5,54.7,66.3,49.7,1.7,59.4,6.8,60.0,Average
Kavya Malhotra,ST1779,76.0,59.3,71.0,64.9,70.4,6.4,74.6,6.6,81.5,Good
Mohit Bansal,ST1780,53.9,84.9,80.8,85.0,71.3,2.4,74.6,6.4,80.9,Good
Rohan Bansal,ST1781,77.5,87.0,91.8,74.5,79.6,5.5,82.3,6.2,85.1,Excellent
Sachin Patel,ST1782,67.3,72.1,58.7,64.8,69.1,5.2,66.2,6.3,76.0,Good
Sakshi Mishra,ST1783,86.4,84.3,92.7,73.3,76.7,2.9,47.2,7.6,83.1,Good
Pooja Sharma,ST1784,71.4,58.9,54.1,57.3,85.7,5.7,58.8,6.1,72.0,Good
Tanya Joshi,ST1785,78.8,77.2,66.7,78.6,76.5,9.8,96.3,7.3,96.5,Excellent
Arjun Mishra,ST1786,81.8,70.7,73.6,60.8,79.7,5.0,76.1,8.2,87.3,Excellent
Neha Sinha,ST1787,93.4,75.4,79.6,83.9,77.8,6.7,75.9,5.7,87.1,Excellent
Nisha Joshi,ST1788,56.9,54.2,42.9,60.6,57.5,2.7,45.6,6.0,59.2,Average
Kavya Yadav,ST1789,69.2,62.2,63.0,55.7,46.9,3.4,46.9,6.7,68.6,Average
Sakshi Kapoor,ST1790,98.4,86.6,95.6,66.7,76.0,5.6,100.0,6.5,99.4,Excellent
Karan Pandey,ST1791,54.6,49.7,54.5,75.4,48.5,1.6,70.8,8.7,65.5,Average
Sameer Agarwal,ST1792,68.0,48.1,42.7,66.4,51.5,3.0,50.6,7.2,66.2,Average
Vikram Bansal,ST1793,74.3,73.0,49.1,64.6,58.6,3.6,57.6,7.6,72.9,Good
Sameer Verma,ST1794,96.0,75.0,100.0,78.2,100.0,4.3,68.2,7.5,100.0,Excellent
Sameer Sharma,ST1795,65.8,55.9,61.6,66.0,80.3,0.6,45.4,6.6,69.2,Average
Diya Sharma,ST1796,73.1,63.2,81.5,78.6,65.1,3.8,61.2,6.9,76.8,Good
Diya Pandey,ST1797,76.1,58.9,66.4,77.0,74.4,1.9,56.4,7.4,72.8,Good
Pranav Mehta,ST1798,92.6,70.1,75.9,81.7,67.9,7.0,84.8,7.1,94.9,Excellent
Aditya Patel,ST1799,70.4,47.0,69.3,52.5,40.2,0.5,77.4,6.1,59.5,Average
Varun Chauhan,ST1800,81.2,78.5,84.8,77.4,73.3,3.1,72.3,6.6,76.1,Good
Isha Verma,ST1801,61.0,38.9,48.1,61.9,59.4,5.4,41.3,7.0,67.8,Average
Vikram Mishra,ST1802,85.7,99.6,87.2,85.5,100.0,7.1,97.8,6.3,100.0,Excellent
Akash Patel,ST1803,71.0,62.9,48.9,60.6,75.9,4.5,67.6,5.7,76.6,Good
Aryan Patel,ST1804,69.0,73.4,59.7,75.0,64.8,4.3,65.8,6.4,77.7,Good
Aryan Mehta,ST1805,85.5,79.8,93.5,84.2,88.6,5.6,100.0,5.5,98.6,Excellent
Sachin Joshi,ST1806,82.0,69.3,54.0,61.2,69.2,5.6,63.9,8.3,93.9,Excellent
Deepak Malhotra,ST1807,100.0,85.1,96.3,100.0,99.9,5.7,94.9,6.6,100.0,Excellent
Arjun Bansal,ST1808,55.6,88.2,81.7,72.3,54.0,2.6,36.2,7.2,73.3,Good
Rahul Pandey,ST1809,72.0,56.0,75.3,80.0,78.2,6.5,64.5,5.8,85.0,Excellent
Anjali Mishra,ST1810,66.0,84.3,60.0,75.8,67.6,0.5,67.3,7.8,75.2,Good
Meera Saxena,ST1811,55.7,46.0,56.2,60.8,53.2,2.3,55.1,8.0,65.3,Average
Aman Patel,ST1812,82.0,72.8,66.2,67.4,66.8,4.2,68.4,6.2,72.8,Good
Neha Singh,ST1813,70.2,66.7,68.2,72.3,75.7,4.8,81.1,6.1,85.8,Excellent
Ishaan Mishra,ST1814,70.5,30.6,45.0,64.7,57.5,2.0,63.3,6.9,51.3,Average
Khushi Yadav,ST1815,71.5,55.2,51.9,72.9,56.7,4.7,58.6,5.6,71.0,Good
Nikhil Yadav,ST1816,83.9,76.6,90.4,84.8,70.4,7.9,74.9,7.0,88.6,Excellent
Diya Shah,ST1817,80.9,74.8,69.2,65.2,95.8,6.1,72.1,7.6,87.4,Excellent
Manish Chauhan,ST1818,67.3,72.2,73.4,73.8,65.1,3.4,69.2,5.8,77.7,Good
Shreya Shah,ST1819,50.7,59.3,65.1,64.0,70.2,4.8,54.0,7.9,78.3,Good
Arjun Sinha,ST1820,94.6,92.6,90.2,92.9,93.5,8.3,100.0,7.5,100.0,Excellent
Khushi Patel,ST1821,57.6,50.4,57.7,49.5,61.1,3.2,44.9,4.5,59.7,Average
Khushi Sinha,ST1822,65.8,44.9,56.9,87.2,68.1,6.2,60.6,5.8,79.9,Good
Neha Gupta,ST1823,70.2,27.7,41.6,59.0,56.3,0.5,78.6,6.9,58.1,Average
Sakshi Joshi,ST1824,94.2,65.6,89.9,78.1,72.7,6.3,69.0,7.4,89.4,Excellent
Akash Agarwal,ST1825,96.9,60.8,45.0,75.8,50.3,5.0,77.3,7.4,81.8,Good
Shivam Kapoor,ST1826,84.3,46.7,69.3,79.3,65.4,2.2,48.5,6.4,68.0,Average
Sameer Mehta,ST1827,96.9,93.4,100.0,100.0,87.0,8.5,100.0,8.2,100.0,Excellent
Deepak Rana,ST1828,60.9,42.2,73.0,55.7,39.7,5.3,93.2,6.3,68.8,Average
Rohan Pandey,ST1829,88.0,93.1,100.0,96.0,92.0,6.4,100.0,6.0,96.8,Excellent
Sneha Kumar,ST1830,65.1,64.7,61.0,63.4,45.6,5.1,79.4,5.8,74.8,Good
Rahul Yadav,ST1831,73.6,58.7,71.9,67.8,74.7,5.9,64.0,6.7,82.3,Good
Meera Bansal,ST1832,87.5,78.4,90.6,73.9,100.0,10.0,100.0,7.3,100.0,Excellent
Sakshi Joshi,ST1833,79.2,60.3,60.6,64.4,51.6,6.3,69.1,5.9,69.0,Average
Shreya Verma,ST1834,62.1,50.7,64.2,53.4,54.4,5.0,75.8,7.2,69.3,Average
Shreya Verma,ST1835,82.6,77.6,70.0,76.6,90.0,4.0,58.1,7.3,91.5,Excellent
Isha Verma,ST1836,63.0,82.0,66.5,63.7,61.2,3.6,80.2,7.1,80.8,Good
Shreya Patel,ST1837,80.9,82.1,61.1,58.7,78.5,0.8,77.5,7.8,81.4,Good
Varun Agarwal,ST1838,85.4,65.1,69.6,71.0,90.3,2.5,55.4,8.2,88.8,Excellent
Deepak Singh,ST1839,89.4,90.7,100.0,87.7,77.8,9.5,91.3,6.7,100.0,Excellent
Khushi Malhotra,ST1840,72.6,64.1,80.9,68.5,64.5,4.2,55.5,8.1,76.9,Good
Mohit Kapoor,ST1841,70.7,65.9,42.0,61.1,60.7,3.8,20.0,6.0,69.6,Average
Sameer Singh,ST1842,67.5,68.5,78.5,55.1,91.2,5.1,55.1,6.5,84.3,Good
Pranav Malhotra,ST1843,64.9,61.5,47.4,68.4,51.3,5.6,53.7,5.8,69.9,Average
Shreya Saxena,ST1844,85.8,55.3,63.8,66.1,89.4,0.7,66.0,8.1,75.6,Good
Rohan Agarwal,ST1845,58.0,39.5,39.9,59.4,58.4,3.9,41.4,8.4,59.4,Average
Ishaan Chauhan,ST1846,100.0,88.0,90.5,97.5,73.6,7.8,89.5,6.4,100.0,Excellent
Aditya Gupta,ST1847,65.1,52.7,48.7,59.0,75.6,2.1,62.5,7.6,77.7,Good
Amit Patel,ST1848,71.8,76.0,70.8,78.5,71.6,7.0,69.3,5.3,90.4,Excellent
Ishaan Mehta,ST1849,77.2,52.7,63.7,65.9,68.6,1.7,51.1,7.4,73.7,Good
Pooja Pandey,ST1850,64.4,50.2,61.4,88.5,37.5,4.8,45.3,5.4,70.7,Good
Aditya Mehta,ST1851,77.1,80.5,77.3,76.2,62.8,1.1,86.4,7.5,82.1,Good
Ananya Rana,ST1852,72.1,51.8,48.4,63.3,57.8,3.5,52.1,5.3,57.5,Average
Pooja Verma,ST1853,81.5,49.0,80.5,90.8,58.7,5.0,88.6,8.7,84.7,Good
Shivam Gupta,ST1854,45.0,44.6,37.6,55.8,37.5,1.5,52.9,7.4,57.1,Average
Amit Sharma,ST1855,64.6,32.8,46.6,59.3,58.8,0.5,48.9,7.5,53.8,Average
Vikram Yadav,ST1856,96.3,73.3,69.7,74.7,74.0,7.5,85.0,8.6,97.4,Excellent
Shreya Shah,ST1857,49.9,59.7,55.3,49.8,42.5,4.6,47.5,7.1,70.1,Good
Nikhil Kapoor,ST1858,73.4,67.0,71.7,75.7,57.7,8.0,73.6,5.0,89.1,Excellent
Sachin Mishra,ST1859,54.5,47.8,55.7,52.6,56.6,4.1,79.6,6.7,71.4,Good
Avni Singh,ST1860,68.7,75.3,73.8,68.7,77.9,4.2,92.0,9.0,88.9,Excellent
Ishaan Saxena,ST1861,65.8,100.0,52.9,85.4,83.1,3.9,73.1,6.2,87.7,Excellent
Avni Agarwal,ST1862,71.7,94.1,70.8,90.5,92.4,4.7,61.0,6.6,88.9,Excellent
Deepak Joshi,ST1863,83.1,70.8,67.6,75.0,86.1,9.5,76.9,8.0,100.0,Excellent
Aarav Gupta,ST1864,100.0,96.9,100.0,91.3,90.9,6.6,90.0,6.0,98.3,Excellent
Meera Malhotra,ST1865,49.6,55.3,53.5,61.3,77.6,3.1,62.6,7.1,68.9,Average
Deepak Sharma,ST1866,69.8,54.5,64.9,66.1,55.8,5.8,57.2,8.3,75.8,Good
Meera Mishra,ST1867,86.0,66.7,84.1,70.7,100.0,3.7,100.0,6.6,93.0,Excellent
Sneha Kapoor,ST1868,100.0,84.7,83.7,78.3,95.8,6.9,82.0,6.0,97.9,Excellent
Sneha Yadav,ST1869,73.4,52.9,54.7,54.1,56.9,4.5,54.2,5.2,78.6,Good
Sneha Rana,ST1870,73.2,51.2,52.6,52.3,67.1,5.2,65.4,5.9,75.7,Good
Rahul Kapoor,ST1871,74.8,48.1,39.0,68.8,58.0,5.1,68.6,6.1,65.9,Average
Isha Patel,ST1872,50.6,55.1,49.2,50.8,34.4,2.3,39.6,7.0,44.9,At Risk
Meera Bansal,ST1873,57.1,40.0,54.7,50.3,52.7,0.5,41.5,7.9,51.9,Average
Ishaan Verma,ST1874,72.6,40.4,51.6,47.9,38.4,1.9,33.3,7.3,60.6,Average
Aryan Gupta,ST1875,53.6,69.7,64.9,53.7,66.8,5.5,61.0,5.7,72.4,Good
Meera Sharma,ST1876,71.6,66.9,58.2,54.8,79.3,8.0,85.9,8.0,85.1,Excellent
Shivam Patel,ST1877,67.4,69.3,69.3,74.9,71.0,3.0,81.2,6.1,74.2,Good
Sneha Gupta,ST1878,72.0,69.8,54.4,41.8,64.2,1.6,75.4,9.2,76.6,Good
Sameer Rana,ST1879,66.4,73.2,67.8,69.9,64.3,1.2,54.3,7.6,71.2,Good
Ishaan Yadav,ST1880,81.9,43.2,68.9,75.3,77.9,3.4,67.5,8.2,77.2,Good
Meera Bansal,ST1881,59.1,44.1,42.6,55.6,50.9,4.2,27.2,7.6,66.3,Average
Nisha Mishra,ST1882,70.7,62.0,76.9,79.3,76.4,8.0,91.6,8.1,99.9,Excellent
Sanya Bansal,ST1883,74.4,77.5,72.0,79.0,91.4,2.6,99.5,7.2,81.7,Good
Riya Mehta,ST1884,68.7,56.8,56.2,66.4,62.1,1.6,47.7,7.1,72.4,Good
Sachin Kapoor,ST1885,64.1,55.9,68.0,68.3,41.9,1.6,82.7,7.7,68.9,Average
Nikhil Yadav,ST1886,82.6,69.9,68.6,92.9,79.4,4.6,80.1,6.8,91.7,Excellent
Tanya Pandey,ST1887,82.2,51.6,64.9,82.7,61.4,4.0,53.5,7.6,80.4,Good
Nikhil Shah,ST1888,87.7,80.7,66.6,88.8,76.5,4.6,71.3,8.6,91.3,Excellent
Karan Bansal,ST1889,90.3,80.7,52.6,62.0,67.3,5.3,74.4,5.3,81.4,Good
Arjun Bansal,ST1890,87.7,62.6,100.0,90.8,67.2,3.2,86.0,7.1,91.7,Excellent
Mohit Sharma,ST1891,74.1,67.8,85.4,79.0,59.0,4.3,66.9,9.3,81.0,Good
Arjun Patel,ST1892,84.2,80.2,67.6,69.1,65.0,7.5,81.7,6.3,84.4,Good
Amit Kapoor,ST1893,75.6,72.0,70.9,67.1,75.4,7.6,83.0,7.7,100.0,Excellent
Neha Kapoor,ST1894,64.7,45.5,40.1,61.6,72.1,6.6,59.3,7.7,79.2,Good
Sanya Sharma,ST1895,68.5,53.7,45.5,56.3,46.4,4.6,58.2,5.6,69.9,Average
Pranav Mishra,ST1896,97.6,78.3,65.0,64.4,70.5,4.4,70.7,7.4,85.4,Excellent
Avni Bansal,ST1897,82.6,63.3,68.2,75.6,69.0,5.0,75.3,7.2,76.3,Good
Khushi Rana,ST1898,70.5,49.2,51.7,59.7,44.6,7.3,34.6,9.5,73.0,Good
Pranav Malhotra,ST1899,100.0,89.1,92.8,87.1,91.4,6.0,81.3,4.5,100.0,Excellent
Vikram Rana,ST1900,92.9,71.9,85.5,87.1,86.1,8.9,77.8,4.9,100.0,Excellent
Deepak Malhotra,ST1901,65.2,74.5,70.2,68.6,60.9,0.5,59.0,7.3,73.0,Good
Pooja Chauhan,ST1902,80.3,56.2,52.9,75.0,68.0,5.1,67.8,6.6,80.0,Good
Aman Sharma,ST1903,86.1,56.5,72.6,65.1,69.2,5.9,72.3,6.0,81.3,Good
Aarav Sinha,ST1904,86.0,96.3,79.6,68.0,62.7,5.8,100.0,6.1,95.2,Excellent
Sachin Saxena,ST1905,52.9,37.7,38.3,51.8,42.2,2.6,34.5,8.0,51.3,Average
Ishaan Saxena,ST1906,100.0,63.9,73.9,100.0,97.9,8.1,93.2,5.8,100.0,Excellent
Amit Joshi,ST1907,66.9,68.5,69.4,74.5,72.7,4.4,47.0,6.5,76.7,Good
Pranav Verma,ST1908,66.2,78.7,67.9,79.9,84.4,3.9,91.3,8.1,93.5,Excellent
Ananya Joshi,ST1909,68.8,70.5,39.7,58.0,62.7,4.1,88.8,8.0,62.8,Average
Sameer Joshi,ST1910,100.0,97.9,100.0,89.3,85.7,4.8,73.1,6.5,99.8,Excellent
Pooja Saxena,ST1911,66.0,87.6,61.2,76.6,67.3,5.6,65.0,5.5,82.4,Good
Diya Joshi,ST1912,83.6,75.1,100.0,100.0,81.6,8.8,87.5,7.4,96.1,Excellent
Diya Joshi,ST1913,85.8,71.8,75.7,58.5,85.0,8.0,68.8,5.7,93.2,Excellent
Ayush Kumar,ST1914,66.6,74.2,53.4,67.9,57.5,1.9,50.7,8.7,71.4,Good
Sanya Patel,ST1915,81.5,90.7,70.5,80.8,70.2,1.7,78.9,7.8,80.4,Good
Aman Patel,ST1916,62.8,59.4,58.5,73.0,73.0,5.0,88.0,6.8,83.2,Good
Manish Patel,ST1917,69.1,73.0,54.6,48.1,56.6,1.1,64.7,7.9,65.3,Average
Sanya Bansal,ST1918,72.6,78.5,91.4,75.5,75.3,5.9,82.7,4.9,91.7,Excellent
Diya Joshi,ST1919,66.1,81.7,58.3,74.1,70.9,0.8,64.0,9.0,77.2,Good
Nikhil Sinha,ST1920,76.0,80.7,79.0,76.6,73.2,7.1,86.9,6.5,90.2,Excellent
Ayush Sharma,ST1921,89.2,70.9,62.1,65.6,61.3,5.0,82.5,7.2,79.1,Good
Nisha Mehta,ST1922,65.2,80.8,57.5,56.9,77.8,0.5,54.5,7.0,67.0,Average
Pooja Kapoor,ST1923,100.0,69.2,96.0,81.0,68.2,6.0,74.4,6.7,97.9,Excellent
Aarav Yadav,ST1924,50.2,77.8,64.8,58.3,77.0,3.8,41.6,8.7,81.4,Good
Anjali Kapoor,ST1925,45.0,47.4,37.3,36.2,34.2,1.4,20.0,7.2,50.7,Average
Mohit Sinha,ST1926,88.2,81.7,69.3,69.9,63.5,6.0,64.3,6.5,86.4,Excellent
Riya Sharma,ST1927,83.6,57.0,87.3,66.5,66.9,0.5,48.5,8.2,78.2,Good
Sakshi Rana,ST1928,71.1,72.7,62.1,82.8,80.4,4.2,82.2,7.4,85.6,Excellent
Shivam Yadav,ST1929,95.6,77.0,75.2,77.2,100.0,6.9,90.1,8.3,98.3,Excellent
Tanya Mishra,ST1930,100.0,86.4,100.0,76.6,79.2,6.6,98.7,4.8,94.9,Excellent
Shivam Malhotra,ST1931,71.3,69.7,61.2,65.1,64.6,3.7,51.4,6.7,73.0,Good
Ishaan Agarwal,ST1932,68.1,38.6,61.2,46.4,71.9,5.2,73.7,5.5,67.2,Average
Aditya Chauhan,ST1933,80.9,69.3,91.2,80.5,82.5,2.3,80.9,8.6,88.8,Excellent
Aryan Singh,ST1934,58.0,81.6,66.8,48.7,68.4,3.5,68.4,5.9,80.7,Good
Mohit Malhotra,ST1935,75.8,68.4,94.0,79.9,87.5,4.6,84.1,7.4,92.3,Excellent
Aditya Patel,ST1936,68.5,67.8,60.4,74.0,58.3,3.5,63.9,5.9,79.6,Good
Rahul Yadav,ST1937,78.4,74.5,62.9,74.6,47.0,3.2,58.8,6.7,75.2,Good
Amit Verma,ST1938,51.3,51.1,33.7,46.0,54.6,7.1,65.8,5.8,64.8,Average
Sneha Kapoor,ST1939,93.6,78.7,84.2,81.6,100.0,7.7,72.8,6.7,93.3,Excellent
Shreya Kapoor,ST1940,70.3,59.2,37.6,57.5,63.9,7.5,63.5,8.7,81.9,Good
Nikhil Patel,ST1941,72.1,51.0,78.2,65.1,67.5,6.4,66.7,5.4,75.9,Good
Mohit Mishra,ST1942,78.5,59.0,66.4,63.8,66.2,4.2,72.8,6.0,72.4,Good
Karan Kapoor,ST1943,79.7,73.9,76.2,83.9,85.8,5.5,85.4,7.5,87.6,Excellent
Isha Kumar,ST1944,62.8,63.2,57.3,72.9,57.9,5.9,68.5,6.7,78.5,Good
Ayush Sinha,ST1945,83.4,72.7,79.3,69.8,77.0,5.8,62.0,5.6,82.9,Good
Isha Kumar,ST1946,100.0,76.5,86.0,80.8,70.1,5.5,83.9,6.5,100.0,Excellent
Mohit Shah,ST1947,79.1,64.6,76.2,83.2,62.0,7.4,67.9,5.2,90.2,Excellent
Neha Sinha,ST1948,72.1,53.8,54.5,79.6,55.0,0.9,57.0,7.0,64.4,Average
Sanya Chauhan,ST1949,71.0,87.7,50.5,84.2,85.0,3.9,50.7,6.2,69.8,Average
Aman Saxena,ST1950,67.4,54.8,68.7,59.3,52.4,8.2,81.5,6.9,81.9,Good
Priya Kapoor,ST1951,66.2,62.9,59.8,66.4,62.9,5.1,62.7,7.6,75.7,Good
Rahul Singh,ST1952,84.0,54.6,61.4,70.8,85.6,0.5,77.2,4.9,75.0,Good
Arjun Saxena,ST1953,95.8,82.2,86.7,88.6,100.0,8.0,68.6,6.7,100.0,Excellent
Shreya Bansal,ST1954,90.0,81.3,69.2,62.9,59.6,2.8,85.9,5.0,84.0,Good
Aditya Rana,ST1955,55.8,70.0,59.8,73.1,69.7,3.6,84.8,7.2,78.8,Good
Diya Kumar,ST1956,76.7,62.7,63.0,79.6,61.8,9.8,87.1,8.0,86.9,Excellent
Pranav Mishra,ST1957,87.2,54.9,72.3,73.9,68.5,7.4,71.9,6.4,82.9,Good
Anjali Yadav,ST1958,68.7,65.1,66.1,66.5,72.7,8.7,100.0,6.8,87.3,Excellent
Avni Mehta,ST1959,93.0,90.0,81.1,81.9,93.5,4.9,92.7,7.8,98.1,Excellent
Diya Mehta,ST1960,81.9,70.4,66.8,83.0,52.3,3.6,47.7,7.9,78.0,Good
Shreya Pandey,ST1961,45.0,25.0,37.4,36.4,25.0,0.6,31.4,8.4,47.1,At Risk
Aman Mehta,ST1962,54.0,53.5,78.4,65.0,73.4,4.9,65.2,7.4,79.3,Good
Aarav Yadav,ST1963,86.0,82.3,83.9,64.3,76.2,5.5,83.8,6.2,88.1,Excellent
Diya Joshi,ST1964,87.8,54.0,62.3,72.0,69.6,7.6,74.5,7.3,89.8,Excellent
Pranav Joshi,ST1965,85.5,56.3,79.5,68.9,66.9,4.9,81.2,8.5,80.8,Good
Isha Agarwal,ST1966,88.5,94.8,91.5,81.5,74.1,8.6,79.7,7.1,100.0,Excellent
Nisha Agarwal,ST1967,65.2,68.2,67.5,75.7,58.9,3.0,62.2,7.4,79.3,Good
Arjun Saxena,ST1968,69.7,32.3,44.3,48.7,54.2,1.1,29.9,5.8,54.1,Average
Pranav Gupta,ST1969,67.3,43.4,49.2,67.0,56.7,3.0,27.5,6.2,64.1,Average
Aman Bansal,ST1970,71.0,67.9,73.6,65.8,72.9,4.3,69.3,6.4,82.4,Good
Nisha Sinha,ST1971,77.4,67.2,65.2,82.4,65.8,6.2,59.1,5.8,86.6,Excellent
Shreya Mehta,ST1972,92.2,68.2,74.7,85.0,88.6,8.2,83.0,6.5,100.0,Excellent
Avni Bansal,ST1973,61.9,48.1,58.3,62.8,63.0,3.1,52.2,6.3,71.7,Good
Manish Kumar,ST1974,75.0,72.4,80.9,54.3,76.9,5.2,51.4,7.8,76.8,Good
Avni Sharma,ST1975,76.1,52.7,48.2,52.1,57.2,6.8,50.8,6.4,73.5,Good
Amit Kapoor,ST1976,67.1,48.9,58.0,68.5,66.2,5.6,67.9,5.8,73.5,Good
Shivam Yadav,ST1977,67.0,31.5,35.4,46.5,52.5,3.1,38.9,6.3,56.6,Average
Sanya Sharma,ST1978,55.3,67.9,73.9,75.5,70.7,6.2,61.1,6.9,85.4,Excellent
Mohit Rana,ST1979,94.4,58.6,74.7,72.1,81.9,7.3,92.5,6.4,92.7,Excellent
Neha Saxena,ST1980,74.2,68.8,52.6,55.9,66.2,6.9,79.3,6.8,81.7,Good
Sneha Kapoor,ST1981,100.0,86.0,72.6,96.2,88.1,7.2,96.5,6.5,100.0,Excellent
Shivam Mehta,ST1982,95.3,76.4,97.7,85.0,86.4,8.4,93.1,8.3,99.7,Excellent
Sakshi Mishra,ST1983,60.1,57.9,44.6,62.8,65.4,3.0,50.5,8.1,75.3,Good
Avni Joshi,ST1984,54.2,37.4,50.8,61.0,42.4,1.8,38.4,6.5,54.6,Average
Ishaan Shah,ST1985,56.8,71.2,59.4,56.6,89.7,5.2,63.5,5.0,82.2,Good
Pooja Verma,ST1986,85.0,79.6,78.5,63.3,72.6,2.5,73.8,6.9,78.6,Good
Shivam Mehta,ST1987,68.1,49.9,61.1,65.2,48.1,4.0,57.1,6.0,63.8,Average
Mohit Bansal,ST1988,65.2,58.3,51.9,47.4,61.5,2.3,44.7,5.6,61.1,Average
Akash Agarwal,ST1989,97.6,81.3,77.2,78.8,100.0,4.5,94.1,7.7,97.6,Excellent
Varun Joshi,ST1990,72.8,68.6,69.7,76.5,56.8,5.5,58.0,6.9,78.2,Good
Ayush Mehta,ST1991,87.1,76.2,68.0,75.0,67.5,4.9,99.0,8.1,86.4,Excellent
Nisha Chauhan,ST1992,74.4,46.0,66.9,49.3,55.0,3.7,71.8,7.1,72.4,Good
Manish Kumar,ST1993,69.5,56.5,58.0,71.2,60.9,4.0,47.4,6.9,78.5,Good
Pranav Patel,ST1994,64.1,63.6,66.5,63.3,50.5,3.0,60.9,6.0,76.5,Good
Sakshi Mehta,ST1995,52.7,69.0,55.0,57.6,44.5,3.8,79.2,6.5,67.3,Average
Shreya Malhotra,ST1996,87.7,89.9,80.9,100.0,84.2,3.7,89.8,5.4,87.5,Excellent
Sneha Sharma,ST1997,65.2,36.6,43.3,62.7,58.5,2.5,52.4,8.3,62.6,Average
Shreya Singh,ST1998,66.1,59.7,68.8,70.1,64.6,8.3,43.7,5.3,86.9,Excellent
Aryan Malhotra,ST1999,84.2,52.8,37.1,74.9,63.0,2.0,61.1,7.6,74.5,Good
Sameer Patel,ST2000,71.7,63.8,63.8,71.1,74.8,7.5,75.5,6.5,86.7,Excellent
Varun Kumar,ST2001,52.7,40.6,57.0,62.3,52.8,7.6,39.2,7.1,68.0,Average
Diya Rana,ST2002,97.1,85.0,76.7,80.5,87.0,4.3,85.8,7.1,98.3,Excellent
Aditya Gupta,ST2003,47.8,47.8,68.7,66.1,58.8,3.8,48.3,5.8,75.5,Good
Priya Malhotra,ST2004,95.3,85.1,73.9,88.7,87.1,3.8,85.5,6.8,92.3,Excellent
Tanya Malhotra,ST2005,81.2,61.2,80.8,82.6,74.5,2.0,69.2,8.6,73.8,Good
Akash Yadav,ST2006,64.6,47.5,42.4,68.7,76.3,3.1,49.0,6.4,61.8,Average
Akash Patel,ST2007,77.1,66.3,64.1,83.8,65.9,6.1,85.7,8.0,87.7,Excellent
Aditya Yadav,ST2008,77.5,62.1,45.8,76.8,56.7,3.3,69.0,7.9,73.9,Good
Aditya Patel,ST2009,67.4,33.2,52.6,65.3,64.3,0.5,80.1,7.7,69.9,Average
Kavya Singh,ST2010,69.5,69.1,71.8,79.4,78.5,3.6,93.3,6.4,79.8,Good
Sanya Pandey,ST2011,93.9,94.1,84.6,64.8,80.8,7.3,67.9,7.0,96.9,Excellent
Arjun Yadav,ST2012,96.2,87.4,83.7,86.0,78.6,7.7,97.6,6.2,98.1,Excellent
Shreya Gupta,ST2013,73.9,63.3,62.4,79.0,61.1,5.1,54.6,8.1,83.8,Good
Diya Kapoor,ST2014,71.6,52.4,71.6,64.1,67.6,4.0,55.7,5.8,69.1,Average
Karan Agarwal,ST2015,83.9,71.9,89.1,66.9,53.7,2.7,50.9,7.6,78.7,Good
Rohan Saxena,ST2016,94.5,91.7,80.1,82.9,95.6,8.7,81.6,6.6,97.2,Excellent
Deepak Rana,ST2017,57.8,57.4,77.8,64.4,38.2,6.2,70.3,7.2,73.5,Good
Karan Yadav,ST2018,67.0,61.3,69.9,60.8,53.9,3.0,64.3,8.0,80.9,Good
Arjun Pandey,ST2019,74.0,52.6,60.6,63.0,53.7,3.1,64.1,6.3,77.4,Good
Akash Saxena,ST2020,61.5,53.3,55.2,61.6,72.0,0.5,20.0,6.7,63.4,Average
Rohan Shah,ST2021,87.3,83.6,38.0,54.1,70.0,5.7,68.2,7.1,83.5,Good
Nikhil Sinha,ST2022,87.9,89.5,83.6,85.1,90.4,10.0,74.6,7.4,100.0,Excellent
Vikram Gupta,ST2023,64.0,51.7,57.9,64.8,56.8,5.8,46.7,6.6,72.7,Good
Meera Malhotra,ST2024,85.9,43.7,77.5,46.7,66.1,7.1,43.0,8.2,81.8,Good
Aarav Pandey,ST2025,61.7,75.4,65.8,76.8,99.8,4.1,71.1,6.8,83.5,Good
Ananya Bansal,ST2026,76.4,62.1,73.8,78.1,80.0,3.0,83.0,6.5,84.6,Good
Arjun Mehta,ST2027,76.0,65.2,64.7,70.1,62.8,6.9,55.2,7.2,78.3,Good
Sakshi Sharma,ST2028,97.9,79.4,70.8,88.1,64.5,6.6,91.9,6.3,100.0,Excellent
Karan Yadav,ST2029,72.7,42.6,51.6,65.6,65.2,1.9,68.0,6.8,74.1,Good
Tanya Pandey,ST2030,92.9,70.4,71.7,60.8,54.7,7.3,68.5,7.0,83.4,Good
Sanya Chauhan,ST2031,76.9,76.6,49.2,79.2,64.0,3.9,61.3,8.1,80.2,Good
Shreya Sharma,ST2032,71.1,55.2,74.8,81.6,82.0,3.1,66.7,7.5,77.2,Good
Nikhil Bansal,ST2033,73.5,70.9,58.6,60.7,63.8,5.6,72.5,7.0,82.8,Good
Aditya Joshi,ST2034,59.3,52.1,64.7,66.4,51.7,0.6,44.1,9.4,65.5,Average
Mohit Verma,ST2035,97.8,100.0,99.0,88.5,100.0,9.3,100.0,7.2,100.0,Excellent
Priya Joshi,ST2036,63.8,63.8,49.0,73.4,58.1,2.2,51.9,7.0,63.7,Average
Aarav Mishra,ST2037,83.2,82.1,64.2,72.4,56.4,5.1,73.9,8.1,91.8,Excellent
Akash Pandey,ST2038,84.5,71.6,78.9,74.0,80.0,5.8,86.3,6.7,89.4,Excellent
Nikhil Kumar,ST2039,57.3,53.7,56.3,69.1,67.9,4.1,62.7,7.7,71.6,Good
Khushi Patel,ST2040,84.3,55.0,69.1,67.5,62.9,2.4,56.8,7.9,78.3,Good
Shivam Mishra,ST2041,60.9,45.9,58.7,73.6,53.6,3.3,40.3,7.2,70.6,Good
Isha Gupta,ST2042,68.5,59.1,80.7,84.9,62.0,7.4,59.7,6.0,83.3,Good
Deepak Kapoor,ST2043,73.0,63.8,68.1,62.6,71.8,3.8,70.5,7.1,68.3,Average
Tanya Bansal,ST2044,61.9,65.5,69.7,70.9,90.4,2.9,68.8,6.8,74.2,Good
Shivam Agarwal,ST2045,69.8,55.0,54.6,57.2,64.8,2.4,48.2,7.6,58.5,Average
Rohan Chauhan,ST2046,45.0,40.9,46.2,65.9,57.1,1.3,62.8,7.9,53.2,Average
Ananya Singh,ST2047,52.1,37.8,65.3,69.5,58.8,0.5,27.8,5.6,55.9,Average
Karan Mehta,ST2048,82.1,46.2,88.1,48.6,51.2,3.3,56.3,7.5,73.7,Good
Ishaan Joshi,ST2049,45.0,55.4,32.8,34.1,40.8,1.3,23.8,9.5,58.7,Average
Isha Singh,ST2050,67.3,59.2,63.8,66.5,53.5,5.3,48.1,6.6,73.3,Good
Aditya Verma,ST2051,81.1,57.3,70.7,66.9,60.4,4.6,55.4,8.0,75.3,Good
Shivam Bansal,ST2052,69.4,66.1,78.9,62.9,80.6,5.7,99.5,7.7,93.4,Excellent
Ishaan Pandey,ST2053,82.3,82.7,69.3,72.0,76.7,4.5,76.1,5.4,92.1,Excellent
Khushi Agarwal,ST2054,98.1,63.6,72.3,74.6,88.8,9.8,69.5,6.9,100.0,Excellent
Pooja Verma,ST2055,100.0,98.1,100.0,89.3,100.0,6.4,100.0,6.0,100.0,Excellent
Pooja Sharma,ST2056,73.4,61.9,87.5,91.7,74.3,5.4,66.0,6.7,85.4,Excellent
Shreya Chauhan,ST2057,65.0,32.9,63.8,62.8,64.0,6.7,80.8,5.3,67.6,Average
Aarav Chauhan,ST2058,94.5,50.5,53.9,62.3,69.9,3.2,51.5,7.7,71.4,Good
Karan Chauhan,ST2059,79.3,80.8,78.0,79.0,76.0,5.4,79.7,6.6,87.5,Excellent
Akash Singh,ST2060,85.0,34.3,28.7,64.7,45.8,3.0,72.8,8.6,60.3,Average
Ananya Shah,ST2061,87.2,65.3,70.6,66.8,59.5,6.1,60.0,5.5,79.3,Good
Sanya Malhotra,ST2062,77.3,63.1,74.0,62.8,62.3,4.4,87.2,8.0,81.1,Good
Mohit Verma,ST2063,83.5,71.1,76.3,80.5,67.3,3.8,74.1,7.6,90.8,Excellent
Aman Kapoor,ST2064,77.0,86.9,64.8,82.8,75.6,4.6,74.3,6.2,78.4,Good
Aman Shah,ST2065,66.8,48.8,62.6,73.6,55.9,4.5,48.4,5.5,69.9,Average
Deepak Shah,ST2066,64.7,63.8,69.9,65.9,48.3,3.5,80.0,6.9,67.7,Average
Sachin Chauhan,ST2067,78.9,51.0,64.9,78.3,99.4,4.3,67.4,7.3,74.2,Good
Meera Bansal,ST2068,54.8,55.7,66.8,69.9,48.0,1.9,81.3,6.3,64.4,Average
Riya Patel,ST2069,74.3,77.9,86.7,82.5,81.1,8.1,74.9,5.7,93.8,Excellent
Sakshi Mishra,ST2070,92.8,59.9,71.6,87.4,75.9,5.1,69.8,8.0,94.5,Excellent
Aditya Sinha,ST2071,62.2,71.6,63.5,77.4,64.7,4.5,82.1,6.3,77.4,Good
Sachin Sinha,ST2072,86.9,62.0,69.9,90.5,71.8,6.2,71.4,7.4,86.5,Excellent
Amit Sinha,ST2073,53.3,78.0,51.7,74.1,54.2,1.6,65.9,8.6,67.9,Average
Sanya Agarwal,ST2074,74.4,30.1,62.1,47.0,67.8,3.8,44.8,6.3,62.9,Average
Pooja Verma,ST2075,68.9,62.2,67.5,62.6,62.7,6.5,64.2,5.6,61.9,Average
Ayush Bansal,ST2076,91.9,72.0,84.7,59.9,81.2,5.0,78.5,7.9,87.1,Excellent
Sachin Kapoor,ST2077,74.0,64.5,72.4,66.1,85.1,5.1,91.1,6.7,88.6,Excellent
Aryan Sinha,ST2078,52.7,53.7,65.8,62.9,60.1,4.3,57.2,6.6,58.5,Average
Aryan Singh,ST2079,80.8,75.5,73.3,84.6,84.7,7.3,81.0,8.2,94.2,Excellent
Mohit Joshi,ST2080,74.7,74.4,56.2,64.5,81.3,4.6,80.4,6.8,80.5,Good
Rahul Chauhan,ST2081,66.9,37.6,54.4,76.3,58.4,7.8,60.2,6.9,79.4,Good
Anjali Saxena,ST2082,82.7,59.4,84.3,66.3,78.0,5.2,84.1,5.4,84.5,Good
Karan Sharma,ST2083,59.8,40.3,61.2,58.3,51.2,2.4,85.8,7.2,67.8,Average
Aman Kumar,ST2084,46.8,31.0,50.8,43.7,59.7,4.9,48.1,6.1,55.8,Average
Varun Malhotra,ST2085,66.0,68.7,48.8,83.0,62.9,4.1,83.8,6.6,68.9,Average
Kavya Gupta,ST2086,63.8,62.9,62.2,78.3,67.1,2.6,66.3,6.7,70.9,Good
Varun Pandey,ST2087,67.7,73.4,50.7,66.5,74.9,2.1,75.2,8.6,76.0,Good
Riya Pandey,ST2088,87.0,59.1,42.8,48.0,44.6,4.1,64.9,6.5,74.2,Good
Shreya Patel,ST2089,98.4,88.3,70.0,79.0,75.8,5.3,95.3,6.4,87.4,Excellent
Varun Bansal,ST2090,74.6,40.9,51.3,66.1,53.0,2.3,72.1,8.9,78.8,Good
Sneha Pandey,ST2091,74.7,75.7,70.1,60.4,73.6,3.0,62.0,6.9,78.9,Good
Shivam Mehta,ST2092,81.5,67.6,73.8,94.6,60.8,4.4,65.9,6.5,79.6,Good
Priya Chauhan,ST2093,64.0,58.5,41.0,74.0,54.7,4.1,56.6,8.2,67.6,Average
Anjali Gupta,ST2094,62.0,31.0,43.8,41.2,57.9,3.4,33.2,7.2,57.1,Average
Neha Gupta,ST2095,79.2,67.3,76.6,63.0,74.3,4.7,80.0,7.1,83.9,Good
Aditya Patel,ST2096,51.7,69.6,68.6,70.1,75.4,4.9,71.6,7.3,79.3,Good
Isha Agarwal,ST2097,62.7,53.6,57.5,52.2,37.9,3.1,55.0,8.6,69.2,Average
Nikhil Mehta,ST2098,78.9,64.6,62.8,77.1,81.3,5.6,75.8,5.9,80.5,Good
Amit Sharma,ST2099,60.1,68.9,53.1,62.8,56.4,2.3,69.2,8.5,71.8,Good
Diya Bansal,ST2100,67.3,48.5,87.5,67.2,49.7,3.0,73.7,5.7,69.9,Average
Mohit Bansal,ST2101,68.7,53.1,44.1,71.1,46.4,3.6,68.4,6.4,74.6,Good
Sneha Shah,ST2102,84.9,76.0,74.4,89.0,87.3,5.2,81.0,6.1,82.5,Good
Sakshi Kumar,ST2103,91.0,100.0,100.0,85.6,90.3,8.0,85.3,6.5,100.0,Excellent
Kavya Singh,ST2104,63.1,35.8,41.9,42.3,53.7,2.9,45.5,6.5,53.2,Average
Ayush Pandey,ST2105,83.0,63.4,86.7,72.3,78.9,3.8,74.4,8.4,82.5,Good
Pranav Kumar,ST2106,80.9,71.2,70.4,72.5,64.7,3.4,95.7,7.7,82.5,Good
Sanya Pandey,ST2107,75.5,62.1,42.2,84.1,65.4,5.5,66.1,6.9,79.2,Good
Khushi Malhotra,ST2108,48.0,56.8,47.6,66.1,65.4,3.6,70.1,6.3,65.1,Average
Shivam Joshi,ST2109,75.8,82.5,64.5,77.4,69.0,6.7,48.7,8.2,90.7,Excellent
Riya Pandey,ST2110,80.5,86.3,62.3,84.9,93.6,6.6,83.9,6.9,92.4,Excellent
Riya Patel,ST2111,97.7,71.1,73.5,77.7,72.6,8.7,79.7,6.3,92.6,Excellent
Mohit Agarwal,ST2112,81.7,78.7,81.3,84.6,73.6,4.6,52.4,6.9,82.7,Good
Diya Rana,ST2113,64.0,67.3,62.2,65.7,73.2,4.7,51.0,6.8,81.8,Good
Kavya Joshi,ST2114,71.4,61.5,52.5,70.5,64.8,4.7,62.7,7.9,78.7,Good
Aarav Verma,ST2115,91.8,85.1,91.1,92.1,75.5,7.1,79.7,7.9,96.1,Excellent
Riya Sharma,ST2116,82.3,93.5,69.2,70.0,87.8,6.1,87.2,5.9,90.3,Excellent
Avni Bansal,ST2117,69.8,46.3,59.5,62.8,58.6,0.5,23.2,6.9,54.3,Average
Vikram Mishra,ST2118,56.2,63.7,54.3,77.0,56.0,2.0,85.2,6.8,81.8,Good
Sanya Malhotra,ST2119,57.2,78.4,65.2,66.2,94.2,4.7,88.8,7.4,85.5,Excellent
Neha Malhotra,ST2120,73.2,89.5,75.5,65.6,69.0,5.7,62.0,7.9,79.0,Good
Isha Rana,ST2121,75.6,64.7,78.2,61.1,86.3,1.2,84.0,6.1,70.7,Good
Nikhil Shah,ST2122,80.2,67.6,47.6,61.8,56.1,3.3,79.2,6.2,67.2,Average
Manish Gupta,ST2123,59.8,66.1,51.7,69.3,58.5,5.0,46.0,6.7,73.0,Good
Sakshi Yadav,ST2124,57.2,49.7,57.6,57.6,59.9,3.1,57.2,7.8,59.6,Average
Aarav Gupta,ST2125,75.3,70.5,70.7,86.9,60.4,4.9,69.8,6.1,75.7,Good
Arjun Shah,ST2126,68.1,57.0,53.7,77.0,46.2,5.2,43.5,6.6,70.0,Average
Arjun Mishra,ST2127,91.5,95.5,87.5,93.4,92.6,4.6,89.8,6.3,98.4,Excellent
Aarav Shah,ST2128,80.2,64.8,88.6,74.2,82.5,6.8,95.6,7.5,91.8,Excellent
Nisha Singh,ST2129,96.5,76.9,66.8,79.4,95.0,4.5,69.3,6.9,88.8,Excellent
Nisha Rana,ST2130,89.8,82.1,76.1,84.2,61.7,4.7,95.6,6.3,83.0,Good
Amit Pandey,ST2131,71.5,68.7,57.4,75.0,69.4,2.9,68.0,6.1,76.5,Good
Mohit Malhotra,ST2132,87.1,68.2,77.7,75.7,63.7,6.0,55.2,6.5,76.1,Good
Sachin Chauhan,ST2133,77.7,65.8,70.6,65.6,66.1,2.3,66.3,7.1,75.1,Good
Shreya Mishra,ST2134,87.3,69.2,78.1,67.0,80.0,7.1,52.7,7.6,98.3,Excellent
Isha Sinha,ST2135,71.1,56.1,66.3,60.7,67.6,9.1,77.8,7.5,84.9,Good
Anjali Sinha,ST2136,69.1,62.7,75.3,74.8,69.7,1.9,65.7,6.2,67.6,Average
Rahul Sinha,ST2137,66.1,63.2,71.5,53.7,75.4,3.1,59.4,8.2,75.6,Good
Amit Gupta,ST2138,68.3,44.9,65.1,64.5,71.2,4.8,43.5,7.7,72.5,Good
Rohan Malhotra,ST2139,61.6,27.6,47.5,53.7,39.1,1.0,50.3,6.9,53.9,Average
Avni Patel,ST2140,90.8,94.1,84.0,83.6,77.3,5.7,85.9,7.7,99.2,Excellent
Sakshi Saxena,ST2141,100.0,94.2,74.9,100.0,93.0,7.7,78.0,5.9,100.0,Excellent
Rahul Rana,ST2142,93.5,82.9,99.0,93.0,90.5,4.8,95.4,7.4,98.8,Excellent
Sachin Malhotra,ST2143,57.8,54.7,45.9,65.0,50.4,3.0,56.2,9.5,64.6,Average
Vikram Joshi,ST2144,82.8,64.4,73.1,70.2,78.3,7.1,67.3,7.0,84.7,Good
Aditya Kapoor,ST2145,98.8,73.9,66.1,79.0,92.8,5.7,79.1,6.6,89.6,Excellent
Akash Rana,ST2146,78.0,76.3,68.9,58.5,59.8,2.2,73.2,6.0,75.9,Good
Shreya Kumar,ST2147,93.3,66.0,78.2,68.5,88.6,7.1,90.3,6.8,88.1,Excellent
Ishaan Joshi,ST2148,66.1,56.1,58.6,70.2,46.5,6.3,81.6,7.8,73.9,Good
Pooja Bansal,ST2149,83.9,77.5,62.0,75.0,82.4,7.1,100.0,6.0,91.9,Excellent
Avni Kumar,ST2150,72.4,61.6,64.3,69.2,58.7,3.3,56.4,7.7,80.1,Good
Deepak Malhotra,ST2151,62.2,65.2,60.6,52.1,58.2,1.8,48.5,7.1,62.3,Average
Aditya Shah,ST2152,72.1,46.5,77.6,82.0,83.5,1.3,59.2,7.0,76.0,Good
Sakshi Saxena,ST2153,88.2,73.7,79.2,76.3,79.1,4.9,93.8,7.5,90.8,Excellent
Sakshi Verma,ST2154,79.8,70.1,65.1,51.8,65.6,6.6,68.3,4.9,81.6,Good
Ayush Agarwal,ST2155,91.8,89.9,57.0,89.0,60.2,4.0,88.9,6.9,87.8,Excellent
Isha Rana,ST2156,58.5,51.6,75.8,78.5,84.0,2.8,50.2,8.3,76.2,Good
Vikram Bansal,ST2157,55.2,35.9,39.0,41.7,54.2,4.8,46.1,6.8,70.8,Good
Aryan Malhotra,ST2158,80.7,53.6,63.1,75.2,61.7,6.3,56.6,6.9,93.1,Excellent
Ishaan Bansal,ST2159,81.9,79.5,62.9,88.4,89.9,4.3,89.1,7.0,88.4,Excellent
Neha Pandey,ST2160,74.1,64.7,75.4,67.2,62.9,5.2,74.9,8.9,80.6,Good
Rohan Pandey,ST2161,94.4,59.5,82.4,78.5,68.5,4.1,53.3,7.5,85.5,Excellent
Mohit Yadav,ST2162,62.0,61.0,58.7,63.6,56.2,3.4,57.7,5.9,70.9,Good
Sakshi Sinha,ST2163,65.2,77.8,70.0,71.7,55.5,1.0,75.6,6.6,78.5,Good
Mohit Singh,ST2164,75.7,78.7,62.1,86.8,67.3,6.2,91.3,7.0,78.6,Good
Sakshi Mehta,ST2165,59.1,69.7,68.9,61.3,63.7,4.6,75.6,8.3,77.5,Good
Deepak Joshi,ST2166,72.1,62.1,51.5,59.9,87.2,2.8,65.2,7.9,73.4,Good
Khushi Shah,ST2167,80.6,83.0,89.7,80.2,68.9,5.7,69.2,7.9,89.1,Excellent
Mohit Malhotra,ST2168,61.5,42.1,62.5,66.6,44.8,3.2,72.6,6.1,58.6,Average
Vikram Chauhan,ST2169,59.5,53.0,64.8,67.1,62.1,2.1,44.9,8.0,67.2,Average
Anjali Yadav,ST2170,46.5,26.2,27.5,42.8,33.3,1.5,20.0,6.7,45.8,At Risk
Sakshi Mishra,ST2171,62.3,52.5,67.8,57.1,68.0,3.3,63.8,7.1,65.6,Average
Neha Mishra,ST2172,90.1,89.6,71.5,90.6,78.2,6.0,78.4,7.7,96.8,Excellent
Pooja Shah,ST2173,58.4,31.1,32.4,40.4,34.4,0.5,51.8,7.0,49.6,At Risk
Khushi Verma,ST2174,62.8,48.7,53.8,57.0,73.3,3.0,62.4,5.8,73.9,Good
Riya Kapoor,ST2175,76.1,56.8,62.9,74.1,57.2,4.8,93.8,6.7,81.9,Good
Priya Bansal,ST2176,54.2,40.0,47.2,54.2,44.7,0.5,45.9,7.7,54.2,Average
Sachin Kapoor,ST2177,69.6,68.7,56.1,62.8,68.8,4.7,74.6,7.7,80.5,Good
Nikhil Yadav,ST2178,98.4,75.9,69.9,87.0,89.9,2.4,71.5,6.4,90.3,Excellent
Diya Mishra,ST2179,98.3,100.0,79.4,99.6,89.5,6.3,100.0,6.3,100.0,Excellent
Sneha Sharma,ST2180,87.8,67.2,77.5,67.0,59.0,5.4,68.2,7.2,88.0,Excellent
Akash Sinha,ST2181,71.2,25.2,30.4,65.2,71.9,6.9,51.0,7.3,68.0,Average
Nikhil Mehta,ST2182,53.5,52.0,45.4,63.6,52.0,0.9,45.6,7.7,64.7,Average
Pooja Gupta,ST2183,71.4,65.0,82.8,68.2,85.0,4.8,88.2,6.9,83.7,Good
Arjun Agarwal,ST2184,77.4,69.8,66.9,55.4,75.1,5.8,71.3,6.2,78.6,Good
Karan Malhotra,ST2185,100.0,91.9,96.5,89.9,85.5,7.0,80.8,7.6,100.0,Excellent
Aarav Yadav,ST2186,100.0,70.1,82.9,82.9,83.6,3.7,87.8,8.4,89.4,Excellent
Amit Singh,ST2187,71.5,82.3,66.1,80.5,80.5,3.8,63.7,6.6,86.0,Excellent
Aarav Kumar,ST2188,72.1,59.9,46.4,64.0,64.8,0.5,54.4,7.1,58.0,Average
Vikram Singh,ST2189,100.0,100.0,89.9,91.1,96.8,8.4,100.0,7.3,100.0,Excellent
Sakshi Agarwal,ST2190,80.7,81.3,61.1,67.4,57.6,2.9,61.0,7.4,79.5,Good
Sanya Mishra,ST2191,83.1,56.5,63.8,37.0,55.7,4.4,82.4,7.7,75.7,Good
Pooja Agarwal,ST2192,60.6,90.3,71.0,64.3,73.4,3.1,55.6,7.5,79.2,Good
Mohit Chauhan,ST2193,72.3,51.3,47.7,87.0,47.4,2.1,65.0,7.7,68.5,Average
Varun Verma,ST2194,57.0,37.6,37.4,59.8,46.0,1.7,37.9,7.0,55.1,Average
Diya Joshi,ST2195,88.5,60.8,70.8,63.9,72.0,5.3,80.6,5.0,76.8,Good
Shreya Agarwal,ST2196,93.4,97.7,89.2,81.4,96.8,8.3,72.8,6.8,100.0,Excellent
Pranav Yadav,ST2197,66.7,47.2,39.8,50.6,25.0,1.9,30.4,8.1,54.6,Average
Kavya Chauhan,ST2198,73.3,62.0,84.0,83.1,54.5,4.4,77.9,7.4,84.6,Good
Ishaan Verma,ST2199,60.7,46.2,65.3,83.7,54.9,1.2,38.2,6.7,68.2,Average
Meera Mishra,ST2200,71.7,57.4,74.0,75.5,92.9,7.6,60.2,6.1,86.2,Excellent
Karan Sinha,ST2201,60.3,67.4,59.7,70.8,58.4,2.7,64.9,9.5,78.7,Good
Sachin Patel,ST2202,57.4,32.1,42.3,62.4,50.4,4.0,36.1,7.5,60.6,Average
Manish Gupta,ST2203,68.0,66.6,59.2,61.0,77.7,4.5,42.2,4.7,71.4,Good
Aman Kapoor,ST2204,64.8,40.3,52.3,65.1,62.3,4.1,53.1,6.5,70.4,Good
Aman Pandey,ST2205,90.2,80.5,84.5,82.5,92.7,5.8,57.9,6.7,87.6,Excellent
Avni Singh,ST2206,99.0,72.1,63.5,85.9,77.1,5.6,66.7,5.7,89.8,Excellent
Pranav Gupta,ST2207,67.2,61.3,58.0,49.2,76.1,4.0,80.3,7.0,71.9,Good
Tanya Malhotra,ST2208,100.0,81.3,80.6,76.7,96.0,2.9,94.2,6.8,97.6,Excellent
Varun Agarwal,ST2209,80.1,67.6,74.6,57.8,70.9,4.2,93.1,7.3,80.5,Good
Tanya Chauhan,ST2210,70.0,44.0,53.9,73.3,63.2,6.6,71.2,6.5,74.8,Good
Aman Shah,ST2211,73.6,57.3,52.8,63.4,74.3,4.2,84.3,6.4,68.8,Average
Meera Rana,ST2212,68.8,79.4,74.9,58.5,55.2,4.8,66.4,6.7,80.9,Good
Anjali Kumar,ST2213,69.2,65.0,59.7,48.9,72.2,2.0,59.1,8.2,70.1,Good
Riya Chauhan,ST2214,55.8,37.8,50.0,74.2,59.8,4.8,73.2,7.1,66.8,Average
Akash Gupta,ST2215,94.2,79.4,59.7,68.7,74.7,4.2,54.7,6.9,83.5,Good
Karan Pandey,ST2216,50.9,55.3,62.1,69.9,82.7,6.1,76.1,7.2,71.5,Good
Aman Verma,ST2217,75.8,59.0,66.7,84.6,79.5,6.5,61.0,6.8,81.9,Good
Rohan Bansal,ST2218,69.6,68.9,86.8,77.8,57.7,7.5,68.5,5.6,84.7,Good
Manish Sinha,ST2219,75.4,90.8,64.2,71.4,66.5,2.9,88.0,7.9,90.8,Excellent
Manish Shah,ST2220,69.2,52.7,71.6,58.9,73.6,5.6,48.6,6.3,76.8,Good
Deepak Patel,ST2221,87.6,43.4,41.7,69.6,44.9,5.0,63.0,6.7,72.5,Good
Sachin Kumar,ST2222,67.0,72.4,72.9,70.5,84.5,4.0,75.6,5.6,80.8,Good
Manish Saxena,ST2223,67.3,44.0,62.9,60.9,50.1,4.5,42.5,7.9,84.7,Good
Shreya Rana,ST2224,83.3,75.5,65.9,46.7,79.6,4.9,65.9,7.1,86.6,Excellent
Sameer Bansal,ST2225,45.0,29.0,30.7,58.0,30.9,3.6,39.4,7.5,42.7,At Risk
Rahul Kapoor,ST2226,52.7,56.5,59.2,39.5,41.3,0.5,58.7,8.4,60.3,Average
Ayush Shah,ST2227,70.1,41.4,48.6,49.2,56.4,0.9,43.9,8.3,65.5,Average
Sameer Rana,ST2228,73.6,84.4,81.1,91.9,77.6,6.0,65.5,6.2,84.0,Good
Ananya Kumar,ST2229,85.9,83.0,57.0,50.0,55.8,6.5,61.2,6.8,82.6,Good
Meera Saxena,ST2230,62.2,46.8,55.5,57.9,58.5,3.6,48.7,7.1,63.8,Average
Priya Kapoor,ST2231,79.4,82.9,66.0,71.9,58.0,3.5,64.3,7.0,76.4,Good
Ananya Kapoor,ST2232,85.5,71.1,82.0,78.6,94.3,8.8,82.1,5.7,100.0,Excellent
Ishaan Mishra,ST2233,83.2,74.1,73.6,77.8,75.9,4.7,75.8,8.5,86.3,Excellent
Varun Joshi,ST2234,64.5,46.7,75.6,68.4,56.8,2.7,66.8,8.3,69.7,Average
Pranav Saxena,ST2235,75.0,62.5,64.0,60.0,82.2,3.5,60.0,7.6,73.9,Good
Amit Pandey,ST2236,87.4,65.1,76.3,79.0,90.4,3.4,80.4,8.5,84.3,Good
Avni Bansal,ST2237,71.9,72.3,69.4,65.6,62.4,0.5,77.8,8.0,72.0,Good
Akash Shah,ST2238,78.4,84.5,65.0,69.7,91.1,4.3,71.9,6.8,83.7,Good
Rohan Shah,ST2239,66.0,57.8,63.7,86.5,87.4,1.5,77.8,7.0,70.8,Good
Ananya Rana,ST2240,64.6,35.5,43.6,67.5,51.9,2.9,49.9,7.6,62.5,Average
Manish Agarwal,ST2241,85.3,62.5,76.4,94.7,89.7,7.4,71.4,5.3,80.3,Good
Shivam Chauhan,ST2242,81.3,94.7,98.4,91.6,100.0,7.8,100.0,7.5,100.0,Excellent
Pranav Sinha,ST2243,61.5,47.0,74.9,78.2,46.2,3.4,40.6,5.6,70.8,Good
Amit Gupta,ST2244,76.6,71.5,61.8,71.0,82.4,3.1,72.9,8.3,80.0,Good
Meera Rana,ST2245,58.4,72.0,44.2,59.2,51.1,4.8,56.2,7.5,72.7,Good
Mohit Agarwal,ST2246,72.0,63.5,67.2,66.0,61.4,8.0,77.4,8.6,86.4,Excellent
Amit Kumar,ST2247,95.6,91.1,85.6,79.1,87.3,8.9,100.0,6.7,100.0,Excellent
Ananya Kumar,ST2248,64.2,58.8,58.6,65.7,63.7,1.6,71.9,8.1,75.0,Good
Varun Mehta,ST2249,76.9,49.9,61.3,71.7,51.7,4.3,76.8,7.8,72.2,Good
Shivam Sharma,ST2250,57.5,25.0,33.1,57.7,49.8,1.7,56.8,6.5,58.6,Average
Nisha Kumar,ST2251,61.3,61.7,52.9,79.7,57.5,3.0,72.1,6.2,81.1,Good
Ananya Joshi,ST2252,52.8,59.0,52.3,39.1,59.1,2.1,31.5,6.4,57.5,Average
Sachin Pandey,ST2253,87.1,74.0,73.1,63.0,84.8,8.7,99.6,6.5,98.3,Excellent
Nisha Kumar,ST2254,84.7,82.7,83.7,55.5,69.4,5.8,91.3,6.9,94.7,Excellent
Mohit Yadav,ST2255,77.7,52.2,52.3,60.4,78.5,3.5,63.2,7.2,68.8,Average
Rohan Mehta,ST2256,89.3,79.9,84.9,68.6,76.8,5.4,75.9,7.4,83.7,Good
Shivam Chauhan,ST2257,75.7,71.8,57.5,60.8,61.9,1.8,48.3,6.6,70.9,Good
Avni Saxena,ST2258,65.1,67.0,80.6,66.4,71.8,4.2,73.8,7.9,78.4,Good
Karan Agarwal,ST2259,78.7,72.7,67.3,72.0,58.1,6.3,65.4,7.3,83.4,Good
Pooja Shah,ST2260,49.6,25.0,37.8,48.6,32.0,2.2,39.1,8.9,56.4,Average
Ananya Yadav,ST2261,100.0,85.2,82.6,70.5,61.0,9.3,89.1,6.9,100.0,Excellent
Aryan Shah,ST2262,74.7,53.6,68.3,67.9,63.5,4.4,64.6,7.0,79.0,Good
Shreya Mishra,ST2263,56.9,35.0,78.6,53.4,32.2,0.7,38.4,9.5,59.5,Average
Meera Bansal,ST2264,75.7,63.7,68.1,76.5,54.1,1.2,48.6,7.4,68.4,Average
Mohit Kumar,ST2265,56.8,25.0,50.4,51.4,51.7,3.7,21.6,7.4,54.0,Average
Sameer Mehta,ST2266,47.0,52.5,63.5,55.6,67.9,1.1,63.6,7.9,72.6,Good
Ananya Kapoor,ST2267,84.2,54.4,74.0,73.6,58.2,2.8,67.0,8.2,88.3,Excellent
Khushi Mishra,ST2268,73.6,53.1,69.3,54.0,76.8,3.9,79.8,7.2,82.2,Good
Meera Kapoor,ST2269,90.8,69.6,73.9,83.7,68.6,6.6,100.0,9.5,95.8,Excellent
Anjali Agarwal,ST2270,73.9,63.1,75.6,77.1,62.9,3.9,57.3,6.6,72.8,Good
Pranav Yadav,ST2271,81.0,72.0,72.6,56.6,61.2,2.2,63.6,8.8,90.7,Excellent
Ishaan Gupta,ST2272,78.3,50.2,51.2,59.3,60.8,6.5,84.7,5.4,77.5,Good
Mohit Bansal,ST2273,79.4,74.4,42.9,57.0,61.9,5.7,56.9,5.9,77.4,Good
Amit Singh,ST2274,54.3,31.4,61.0,42.7,49.2,5.2,44.4,5.4,57.1,Average
Nikhil Gupta,ST2275,70.5,65.1,49.8,47.8,70.3,5.8,65.1,6.0,77.5,Good
Nisha Rana,ST2276,68.4,88.7,61.1,65.0,92.4,7.5,100.0,5.1,89.1,Excellent
Manish Sinha,ST2277,89.7,89.2,68.5,60.5,81.1,5.3,94.7,7.1,86.9,Excellent
Pooja Yadav,ST2278,68.2,64.8,92.8,72.6,73.1,6.5,65.7,5.9,83.9,Good
Sameer Bansal,ST2279,80.2,68.3,94.3,82.7,94.6,8.6,77.9,8.1,100.0,Excellent
Aman Agarwal,ST2280,67.8,44.6,60.1,82.3,67.2,7.8,63.2,7.2,88.0,Excellent
Anjali Sharma,ST2281,98.4,100.0,80.4,94.6,96.1,7.1,67.1,6.8,96.6,Excellent
Kavya Verma,ST2282,94.2,88.4,92.2,81.9,100.0,6.3,90.7,7.1,97.5,Excellent
Rahul Mishra,ST2283,57.9,30.3,54.8,52.2,57.4,0.7,47.3,8.2,55.7,Average
Varun Rana,ST2284,75.6,55.3,66.7,81.9,71.5,6.5,71.2,8.0,81.4,Good
Kavya Verma,ST2285,85.6,68.0,60.2,66.7,57.4,3.5,51.6,6.7,75.3,Good
Ananya Chauhan,ST2286,70.8,55.1,73.3,67.7,61.2,4.1,67.1,6.4,73.0,Good
Ananya Verma,ST2287,82.2,50.3,72.6,69.0,68.8,3.6,62.1,7.6,78.6,Good
Aarav Agarwal,ST2288,70.3,75.0,65.6,70.7,76.3,4.3,65.6,8.7,84.5,Good
Mohit Gupta,ST2289,78.0,59.1,64.1,64.1,74.4,4.3,50.3,5.7,68.8,Average
Aditya Saxena,ST2290,85.8,84.9,45.3,66.6,83.2,4.9,81.5,7.4,85.2,Excellent
Aditya Agarwal,ST2291,86.7,93.2,86.2,90.4,91.3,7.3,74.2,8.0,99.6,Excellent
Sanya Saxena,ST2292,71.6,33.3,73.3,63.9,60.8,2.4,86.3,7.9,76.9,Good
Varun Yadav,ST2293,66.7,88.7,60.7,76.7,89.6,5.1,77.2,7.3,84.8,Good
Nisha Kapoor,ST2294,64.4,74.7,44.3,83.6,68.9,3.3,69.7,7.7,74.6,Good
Vikram Patel,ST2295,60.0,62.8,66.8,76.9,65.2,3.4,74.4,9.0,74.6,Good
Avni Singh,ST2296,54.7,44.5,54.3,51.9,62.1,1.7,43.3,8.2,61.5,Average
Sakshi Mehta,ST2297,73.2,63.0,63.9,68.6,59.8,2.3,66.9,5.8,70.3,Good
Mohit Pandey,ST2298,73.5,52.5,82.8,91.0,47.3,5.0,61.6,6.9,86.2,Excellent
Pranav Kumar,ST2299,83.1,45.7,53.5,58.9,42.9,3.5,56.5,7.3,68.1,Average
Neha Kapoor,ST2300,63.4,65.2,43.0,69.7,57.4,4.9,65.3,8.0,80.5,Good
Vikram Kapoor,ST2301,74.1,74.8,68.2,72.9,70.7,5.5,94.6,7.0,93.4,Excellent
Neha Pandey,ST2302,85.9,59.4,55.6,73.6,58.9,4.9,75.2,7.0,77.9,Good
Rahul Chauhan,ST2303,65.7,86.7,74.9,76.6,85.2,5.7,89.2,7.0,89.7,Excellent
Priya Joshi,ST2304,55.7,60.5,73.9,55.4,66.0,4.9,68.7,7.3,73.1,Good
Vikram Rana,ST2305,81.6,68.7,72.3,73.9,54.3,1.0,66.0,7.4,69.2,Average
Aditya Singh,ST2306,66.5,50.6,51.7,52.9,86.3,3.5,68.1,6.8,82.0,Good
Arjun Yadav,ST2307,80.5,74.1,81.4,73.5,64.3,6.0,75.0,6.7,85.0,Good
Sameer Agarwal,ST2308,78.5,72.0,73.5,97.9,77.7,9.1,77.3,6.8,92.5,Excellent
Shivam Patel,ST2309,82.0,49.9,45.2,73.7,77.6,3.2,60.7,7.8,70.1,Good
Varun Pandey,ST2310,78.3,75.7,67.4,71.2,76.2,3.9,88.6,9.5,85.6,Excellent
Nikhil Bansal,ST2311,76.0,64.1,72.0,72.5,82.9,0.7,61.6,6.2,72.4,Good
Manish Gupta,ST2312,72.6,77.0,84.4,72.3,75.9,3.2,85.2,7.8,91.5,Excellent
Ayush Yadav,ST2313,74.1,79.3,85.1,71.7,59.7,4.3,69.0,8.6,94.5,Excellent
Avni Malhotra,ST2314,83.0,44.5,58.1,50.2,61.8,1.9,52.3,6.6,56.5,Average
Nisha Joshi,ST2315,73.6,64.2,83.4,79.2,42.0,3.6,60.6,7.9,85.5,Excellent
Shreya Gupta,ST2316,63.9,60.5,61.4,62.2,61.4,3.2,71.7,6.8,79.4,Good
Mohit Malhotra,ST2317,96.6,87.1,100.0,82.0,100.0,8.5,91.4,6.1,100.0,Excellent
Aryan Kapoor,ST2318,73.2,62.3,74.0,70.2,40.9,4.1,83.0,6.4,71.7,Good
Isha Saxena,ST2319,85.7,68.9,79.6,93.2,71.7,5.4,65.9,6.9,91.3,Excellent
Vikram Bansal,ST2320,77.2,62.2,77.6,62.7,51.4,5.2,85.9,6.9,77.9,Good
Meera Patel,ST2321,65.2,57.3,45.2,65.7,53.3,0.5,54.2,8.3,70.5,Good
Deepak Verma,ST2322,54.4,36.2,25.0,56.7,67.7,2.3,55.5,5.9,57.5,Average
Anjali Saxena,ST2323,83.4,83.4,82.5,80.4,79.3,5.3,61.4,7.8,88.8,Excellent
Akash Shah,ST2324,88.6,63.7,89.3,92.0,84.4,6.5,70.9,7.6,96.8,Excellent
Akash Bansal,ST2325,51.3,39.7,49.4,60.9,30.9,2.6,62.3,7.6,58.9,Average
Vikram Patel,ST2326,82.1,25.0,34.5,56.5,37.1,2.0,36.0,9.5,50.4,Average
Sameer Sharma,ST2327,78.3,47.9,64.4,68.0,62.8,4.8,80.0,8.3,75.0,Good
Arjun Gupta,ST2328,56.8,73.2,62.9,53.9,57.7,6.0,61.1,6.4,72.2,Good
Sakshi Saxena,ST2329,70.6,56.4,64.4,68.3,63.6,0.8,52.5,6.3,68.3,Average
Sneha Kumar,ST2330,69.0,65.0,64.1,72.2,83.0,6.3,64.3,6.2,84.8,Good
Rohan Patel,ST2331,70.0,73.0,58.4,86.0,58.3,6.5,63.9,6.2,87.1,Excellent
Manish Joshi,ST2332,53.4,64.4,63.7,58.0,58.4,1.3,51.2,5.6,59.4,Average
Deepak Mishra,ST2333,80.4,59.2,74.8,63.4,70.1,5.0,81.0,7.5,76.6,Good
Karan Sharma,ST2334,67.4,100.0,85.6,86.1,66.6,5.8,75.1,5.6,86.5,Excellent
Mohit Shah,ST2335,75.1,63.7,59.7,60.3,55.2,7.5,78.0,6.9,78.6,Good
Sanya Kumar,ST2336,82.5,71.2,76.1,60.3,75.1,8.4,77.2,7.5,88.9,Excellent
Rahul Patel,ST2337,72.8,77.2,72.8,78.2,48.6,3.0,63.8,8.6,80.0,Good
Sachin Gupta,ST2338,80.7,76.0,64.9,85.8,54.6,4.5,68.0,6.8,85.3,Excellent
Pooja Singh,ST2339,67.5,58.7,76.8,77.0,100.0,4.9,58.1,6.3,81.0,Good
Sameer Kumar,ST2340,93.9,100.0,74.3,77.7,78.5,7.3,74.8,8.1,100.0,Excellent
Pooja Pandey,ST2341,74.6,69.4,74.7,76.4,89.7,5.6,53.4,8.4,92.9,Excellent
Sanya Gupta,ST2342,77.6,69.7,63.4,63.4,61.9,2.3,73.9,8.0,76.7,Good
Shivam Joshi,ST2343,54.2,54.0,60.5,80.9,57.0,2.2,78.2,6.6,63.6,Average
Tanya Bansal,ST2344,60.4,50.6,70.2,61.0,67.9,1.2,49.5,6.1,63.3,Average
Ananya Sinha,ST2345,71.3,94.1,80.3,76.6,76.4,1.9,62.5,8.5,89.9,Excellent
Ayush Verma,ST2346,70.6,55.7,64.1,65.9,58.7,1.0,67.3,7.4,71.8,Good
Aryan Verma,ST2347,75.7,59.1,62.6,55.7,62.5,5.9,53.1,8.1,74.0,Good
Neha Singh,ST2348,88.1,81.9,98.3,77.8,84.6,7.1,96.0,6.1,100.0,Excellent
Deepak Saxena,ST2349,72.3,96.1,83.9,70.1,63.4,5.7,61.7,8.0,88.8,Excellent
Mohit Sharma,ST2350,61.8,100.0,90.6,93.2,77.6,5.7,56.7,8.3,90.1,Excellent
Mohit Singh,ST2351,83.3,89.5,84.1,78.9,67.8,5.5,76.0,6.7,91.3,Excellent
Sanya Joshi,ST2352,70.3,81.1,46.9,56.0,41.8,2.5,46.8,7.6,61.6,Average
Khushi Mishra,ST2353,98.1,53.3,65.3,67.8,85.3,1.7,68.5,6.2,80.0,Good
Nikhil Saxena,ST2354,81.1,85.1,85.2,78.3,70.8,6.9,75.7,5.6,96.9,Excellent
Neha Rana,ST2355,56.8,49.9,62.8,58.7,63.3,4.4,60.3,7.4,66.2,Average
Amit Yadav,ST2356,82.1,51.0,81.0,82.1,69.5,3.1,78.1,6.7,79.3,Good
Ayush Kapoor,ST2357,72.3,69.6,72.3,78.5,72.9,2.5,71.4,7.5,83.9,Good
Priya Singh,ST2358,68.9,36.8,65.9,45.3,46.9,2.8,49.2,7.4,57.3,Average
Sameer Pandey,ST2359,68.9,83.4,67.1,80.7,51.5,5.2,69.4,7.6,78.0,Good
Karan Verma,ST2360,64.4,49.8,67.1,69.2,58.2,4.7,41.2,7.6,71.3,Good
Aditya Singh,ST2361,71.2,44.8,61.9,59.0,60.0,5.4,58.7,7.9,73.1,Good
Vikram Kapoor,ST2362,77.9,82.0,71.6,56.8,58.6,2.7,76.9,7.5,79.5,Good
Varun Patel,ST2363,66.1,39.2,48.6,54.5,68.0,1.9,49.0,7.7,62.6,Average
Aryan Pandey,ST2364,64.3,69.0,63.5,60.7,68.0,1.9,57.5,7.4,65.6,Average
Aarav Malhotra,ST2365,100.0,100.0,90.5,98.0,100.0,6.2,100.0,7.9,100.0,Excellent
Nikhil Singh,ST2366,66.5,78.3,78.8,81.7,85.1,4.6,78.6,8.9,84.5,Good
Aman Kapoor,ST2367,51.6,50.9,63.9,73.9,34.1,5.8,65.9,7.7,73.8,Good
Tanya Kapoor,ST2368,100.0,88.8,87.1,73.1,91.9,8.2,83.8,7.1,100.0,Excellent
Mohit Singh,ST2369,65.1,50.7,36.7,80.3,78.9,3.1,39.0,7.0,67.6,Average
Ishaan Kumar,ST2370,77.8,49.0,44.5,73.1,68.9,0.5,59.2,7.8,70.3,Good
Deepak Rana,ST2371,64.4,48.9,45.0,66.1,51.6,3.7,42.8,6.8,61.7,Average
Varun Joshi,ST2372,77.5,82.5,69.0,89.6,59.9,5.5,65.5,6.3,83.7,Good
Shivam Shah,ST2373,76.7,88.7,75.8,85.2,72.3,4.7,85.5,6.8,94.0,Excellent
Isha Bansal,ST2374,64.8,60.5,61.5,70.3,42.7,4.6,67.9,8.8,77.9,Good
Sameer Patel,ST2375,66.7,38.2,54.2,53.0,39.3,0.5,51.3,7.5,57.7,Average
Priya Verma,ST2376,86.4,57.9,93.4,87.4,70.4,7.3,83.6,8.3,95.4,Excellent
Tanya Chauhan,ST2377,96.7,71.8,89.0,94.4,85.1,6.9,100.0,5.8,94.0,Excellent
Shreya Malhotra,ST2378,60.9,35.9,53.9,61.6,46.1,0.5,44.6,7.7,57.5,Average
Shivam Sinha,ST2379,70.5,58.5,66.9,60.5,56.3,4.5,75.9,7.8,78.3,Good
Rohan Chauhan,ST2380,85.0,62.2,68.2,68.3,63.1,5.0,66.2,7.8,92.3,Excellent
Meera Rana,ST2381,64.3,48.6,45.9,73.5,52.8,4.0,45.7,6.0,64.9,Average
Pooja Malhotra,ST2382,58.7,41.0,62.3,61.9,45.2,4.4,58.0,5.9,63.0,Average
Nisha Chauhan,ST2383,100.0,93.7,98.6,78.5,80.1,7.8,61.1,7.3,100.0,Excellent
Pranav Patel,ST2384,82.2,66.7,65.7,76.2,71.4,4.3,59.0,6.5,86.9,Excellent
Nikhil Saxena,ST2385,71.8,78.6,48.4,62.4,66.8,5.8,73.2,7.5,82.9,Good
Manish Chauhan,ST2386,69.4,58.7,50.0,71.5,53.8,6.4,50.4,8.3,76.3,Good
Akash Agarwal,ST2387,67.3,70.1,50.9,66.1,58.2,1.7,58.6,6.7,64.8,Average
Manish Joshi,ST2388,65.6,44.3,25.0,48.7,53.0,0.5,40.3,7.0,49.1,At Risk
Rahul Pandey,ST2389,73.1,55.5,54.0,66.3,50.7,1.4,58.5,5.4,66.9,Average
Anjali Chauhan,ST2390,100.0,100.0,86.3,85.0,96.6,5.3,85.9,7.8,100.0,Excellent
Aryan Sinha,ST2391,54.4,48.4,62.9,59.5,41.0,3.7,57.8,9.3,77.6,Good
Ishaan Patel,ST2392,59.5,47.4,28.1,53.4,53.3,0.5,36.0,6.3,52.3,Average
Shreya Malhotra,ST2393,72.5,74.8,66.9,90.0,83.7,5.8,79.8,8.1,93.2,Excellent
Kavya Joshi,ST2394,76.7,78.4,74.8,61.3,62.2,4.5,51.1,8.4,80.1,Good
Sameer Pandey,ST2395,64.9,66.1,49.3,50.6,64.5,3.6,83.5,7.9,70.0,Good
Pooja Chauhan,ST2396,65.1,52.1,65.2,73.9,53.4,2.1,70.2,6.7,72.3,Good
Ayush Singh,ST2397,93.2,76.3,69.0,61.4,82.9,4.7,83.4,6.8,93.1,Excellent
Ishaan Joshi,ST2398,86.2,69.4,60.6,50.6,50.1,7.2,74.1,7.3,78.3,Good
Aman Kumar,ST2399,88.6,78.0,70.4,88.1,71.1,5.1,79.5,7.5,87.4,Excellent
Rahul Malhotra,ST2400,95.1,94.6,99.0,100.0,98.6,3.9,88.0,6.9,99.2,Excellent
Aditya Joshi,ST2401,51.8,33.9,38.9,42.8,54.6,4.3,47.2,7.5,62.0,Average
Neha Joshi,ST2402,94.0,86.3,64.4,64.9,83.7,7.0,92.8,6.4,95.8,Excellent
Karan Rana,ST2403,78.8,59.1,68.5,60.0,74.2,4.8,59.4,6.9,78.4,Good
Rohan Yadav,ST2404,87.6,85.7,71.3,76.2,79.2,7.3,86.5,6.5,91.3,Excellent
Shivam Mishra,ST2405,87.1,73.3,59.2,93.7,65.8,5.6,55.0,8.0,94.4,Excellent
Mohit Gupta,ST2406,83.6,51.1,69.0,66.7,83.4,7.4,59.0,5.3,87.2,Excellent
Meera Gupta,ST2407,81.2,64.6,74.5,84.3,82.1,6.8,66.8,7.4,81.6,Good
Akash Yadav,ST2408,64.0,64.3,53.6,72.9,58.4,3.2,83.4,7.6,78.2,Good
Sameer Joshi,ST2409,55.4,49.2,60.0,74.9,42.2,6.0,42.7,4.6,64.7,Average
Aryan Kumar,ST2410,85.4,69.4,81.0,71.7,90.0,8.6,82.5,7.4,95.1,Excellent
Shivam Rana,ST2411,86.1,45.6,59.3,62.3,70.5,4.9,77.0,8.0,83.1,Good
Sanya Sharma,ST2412,71.4,65.3,76.7,73.8,73.5,6.0,87.8,6.5,87.3,Excellent
Arjun Shah,ST2413,85.2,83.5,51.3,75.1,61.8,3.1,86.6,7.7,82.6,Good
Nikhil Kapoor,ST2414,45.6,25.0,52.0,60.0,37.5,2.6,60.1,7.6,51.9,Average
Vikram Yadav,ST2415,65.0,73.7,65.7,84.4,59.0,4.4,61.8,9.3,87.3,Excellent
Deepak Chauhan,ST2416,86.6,65.7,61.5,69.5,79.7,4.9,77.7,7.5,79.5,Good
Isha Joshi,ST2417,68.6,52.5,62.0,67.6,51.7,5.2,65.5,7.1,77.6,Good
Manish Pandey,ST2418,51.8,36.1,38.2,54.9,31.6,1.3,43.2,8.5,53.4,Average
Riya Malhotra,ST2419,90.3,82.8,82.5,87.4,82.0,7.1,88.9,8.3,100.0,Excellent
Mohit Sinha,ST2420,70.6,65.0,87.0,87.0,72.6,6.5,90.6,8.9,91.2,Excellent
Tanya Pandey,ST2421,87.5,73.2,52.9,73.0,82.0,2.8,76.8,6.7,81.3,Good
Riya Sinha,ST2422,69.7,59.3,46.6,62.2,65.4,2.1,50.9,7.8,62.2,Average
Aman Mehta,ST2423,67.8,69.5,50.4,87.2,91.9,3.6,81.5,6.5,86.4,Excellent
Rahul Kumar,ST2424,85.3,99.1,89.8,89.2,80.1,10.0,98.8,8.7,100.0,Excellent
Neha Yadav,ST2425,45.0,39.5,63.6,68.2,73.8,4.6,49.3,7.1,65.4,Average
Akash Yadav,ST2426,92.1,76.6,90.6,84.3,78.5,7.9,77.6,7.6,99.3,Excellent
Aditya Verma,ST2427,90.7,61.5,68.9,81.9,68.8,6.9,84.2,6.6,87.5,Excellent
Priya Joshi,ST2428,56.9,42.1,60.6,54.4,61.4,1.6,51.2,7.9,68.5,Average
Aarav Malhotra,ST2429,100.0,94.7,90.6,85.8,100.0,3.9,89.6,5.3,90.0,Excellent
Nikhil Patel,ST2430,82.8,75.7,79.1,49.7,68.8,4.9,67.2,8.1,84.7,Good
Ananya Bansal,ST2431,75.0,52.2,86.2,70.4,80.0,6.9,79.1,8.1,96.6,Excellent
Kavya Yadav,ST2432,86.1,56.3,54.5,76.0,61.6,3.8,78.0,6.5,77.1,Good
Ananya Malhotra,ST2433,64.6,51.1,54.6,63.3,35.5,1.1,66.5,5.7,60.1,Average
Manish Agarwal,ST2434,94.8,64.0,67.8,63.2,69.6,3.2,64.5,8.7,82.4,Good
Aarav Shah,ST2435,76.1,71.4,100.0,97.1,74.6,4.6,100.0,8.4,92.8,Excellent
Shivam Malhotra,ST2436,69.5,57.5,55.1,68.5,77.0,3.1,74.7,8.0,78.5,Good
Ishaan Singh,ST2437,73.4,54.6,77.7,85.0,80.5,2.5,79.6,7.1,79.4,Good
Meera Rana,ST2438,89.2,80.3,69.8,90.8,77.1,6.6,97.0,6.5,95.8,Excellent
Diya Patel,ST2439,78.4,42.2,75.8,69.0,54.5,3.2,58.2,8.6,77.2,Good
Arjun Mishra,ST2440,100.0,68.0,81.6,91.1,67.8,6.2,63.1,6.5,93.7,Excellent
Meera Sharma,ST2441,87.9,68.5,76.0,74.5,83.9,4.0,74.5,7.3,87.3,Excellent
Pranav Mehta,ST2442,73.3,59.6,73.8,58.4,71.0,4.7,77.5,7.0,83.8,Good
Mohit Rana,ST2443,68.2,72.3,65.7,87.2,100.0,4.8,57.6,7.3,91.0,Excellent
Aryan Gupta,ST2444,64.6,73.1,65.7,81.4,72.8,6.0,60.2,6.8,86.5,Excellent
Kavya Sinha,ST2445,81.5,68.5,79.3,78.9,64.1,4.9,41.4,7.0,87.1,Excellent
Varun Joshi,ST2446,78.2,71.6,71.4,85.3,97.1,6.7,62.7,8.6,100.0,Excellent
Varun Shah,ST2447,93.0,64.7,67.2,79.9,64.3,5.2,52.0,7.5,78.9,Good
Ayush Chauhan,ST2448,76.1,68.6,70.0,59.3,49.0,4.5,61.4,7.4,89.7,Excellent
Manish Mishra,ST2449,62.8,48.2,56.7,54.6,53.1,3.0,35.9,8.1,65.6,Average
Diya Chauhan,ST2450,73.5,58.2,67.0,63.7,69.0,2.7,69.9,6.2,71.9,Good
Aarav Malhotra,ST2451,70.5,59.0,64.0,61.0,54.8,4.9,58.8,8.0,76.7,Good
Manish Yadav,ST2452,64.7,63.2,72.8,52.3,71.1,2.8,38.7,7.6,65.2,Average
Arjun Malhotra,ST2453,65.4,84.0,77.5,77.0,82.4,4.8,75.1,6.4,87.2,Excellent
Deepak Saxena,ST2454,52.8,51.3,45.9,61.6,42.7,0.8,49.0,7.4,53.6,Average
Sameer Shah,ST2455,55.1,48.2,29.6,46.1,59.8,0.5,67.3,8.1,57.5,Average
Pranav Mehta,ST2456,61.7,55.7,61.2,55.0,51.2,3.0,61.9,7.3,68.3,Average
Rahul Gupta,ST2457,68.0,74.7,82.8,72.9,77.9,4.7,52.3,8.1,82.6,Good
Arjun Chauhan,ST2458,71.2,72.3,59.5,79.7,65.4,3.5,74.2,6.4,69.5,Average
Nikhil Shah,ST2459,76.7,41.8,55.5,53.4,41.9,3.5,60.9,6.0,65.6,Average
Nikhil Rana,ST2460,93.4,92.0,85.3,100.0,85.6,6.3,89.3,6.1,100.0,Excellent
Meera Bansal,ST2461,70.0,38.1,74.2,52.4,79.4,2.7,91.7,6.9,74.0,Good
Khushi Verma,ST2462,84.9,78.8,61.0,69.0,73.0,9.0,67.1,6.7,89.6,Excellent
Aman Sharma,ST2463,61.2,63.2,70.6,76.9,48.7,4.6,55.8,6.7,71.3,Good
Shreya Bansal,ST2464,59.2,50.6,53.0,70.9,59.8,3.6,63.2,6.0,66.2,Average
Sneha Sinha,ST2465,71.7,61.4,53.0,72.5,52.6,2.6,82.6,5.9,70.9,Good
Rahul Malhotra,ST2466,73.3,79.1,66.6,70.4,87.3,5.7,84.9,5.6,89.3,Excellent
Meera Rana,ST2467,79.6,55.3,64.8,68.8,70.0,5.4,68.2,6.7,76.1,Good
Sameer Yadav,ST2468,73.3,93.2,83.6,71.0,61.9,5.8,91.4,6.1,93.0,Excellent
Isha Joshi,ST2469,63.8,70.5,69.1,70.4,77.4,7.4,93.9,6.3,90.0,Excellent
Varun Verma,ST2470,65.5,69.5,54.8,58.9,50.8,0.5,39.4,8.9,68.3,Average
Riya Joshi,ST2471,100.0,100.0,81.2,81.3,90.4,6.6,81.4,5.6,100.0,Excellent
Avni Verma,ST2472,73.1,70.4,78.5,57.6,62.1,6.2,73.2,7.2,75.9,Good
Ayush Shah,ST2473,66.5,64.1,77.5,85.2,92.1,3.6,77.8,6.0,91.3,Excellent
Avni Chauhan,ST2474,51.4,58.9,47.4,65.0,59.0,1.4,80.1,6.1,60.1,Average
Khushi Sinha,ST2475,100.0,81.1,95.4,86.8,90.3,5.1,75.7,7.4,100.0,Excellent
Aryan Mehta,ST2476,65.1,66.9,57.3,57.4,50.3,4.9,59.7,7.7,73.9,Good
Rahul Singh,ST2477,75.6,86.4,82.0,80.4,82.1,3.8,94.0,7.9,85.8,Excellent
Meera Patel,ST2478,50.9,42.9,53.6,72.2,43.6,1.2,45.7,8.6,62.7,Average
Priya Verma,ST2479,64.6,93.3,84.8,65.8,76.4,6.1,71.4,6.7,93.2,Excellent
Riya Patel,ST2480,69.8,28.8,52.8,53.3,46.8,2.1,61.9,7.6,62.8,Average
Akash Saxena,ST2481,95.8,73.7,77.6,64.4,76.6,4.1,67.4,6.7,79.4,Good
Rohan Malhotra,ST2482,81.5,96.5,65.2,100.0,98.3,5.2,88.3,8.3,93.6,Excellent
Aditya Rana,ST2483,100.0,81.7,80.8,77.2,67.5,4.6,75.6,6.1,86.6,Excellent
Deepak Singh,ST2484,86.2,66.3,99.0,89.0,74.4,4.1,81.0,7.6,97.4,Excellent
Aarav Shah,ST2485,100.0,94.9,73.5,56.3,100.0,5.5,76.6,5.9,94.8,Excellent
Isha Gupta,ST2486,72.5,66.6,69.9,68.7,51.7,5.6,54.8,7.0,69.6,Average
Mohit Rana,ST2487,83.7,76.6,91.9,72.1,69.6,8.0,87.1,5.0,100.0,Excellent
Sachin Patel,ST2488,74.3,43.5,53.2,67.0,61.1,4.4,49.6,7.3,77.5,Good
Rahul Mishra,ST2489,75.2,78.0,69.0,69.7,73.9,3.8,75.0,9.1,81.1,Good
Khushi Kumar,ST2490,92.3,88.0,68.0,78.8,60.4,9.1,57.7,5.9,91.5,Excellent
Shivam Shah,ST2491,53.7,57.3,53.0,80.8,71.0,7.9,57.1,6.4,77.2,Good
Aryan Patel,ST2492,45.0,31.8,58.9,68.2,43.6,2.4,36.7,8.2,60.8,Average
Rohan Yadav,ST2493,99.3,99.5,100.0,100.0,90.7,5.4,89.1,7.0,100.0,Excellent
Sanya Singh,ST2494,93.8,83.2,78.7,81.9,86.4,7.5,62.4,7.9,95.8,Excellent
Akash Yadav,ST2495,83.8,75.6,73.5,74.4,73.7,3.4,57.9,7.6,89.5,Excellent
Isha Joshi,ST2496,59.9,46.1,58.1,63.3,51.1,1.7,64.3,8.3,73.3,Good
Nikhil Malhotra,ST2497,61.3,83.3,87.8,68.8,68.2,1.3,64.3,5.5,74.7,Good
Ayush Saxena,ST2498,70.5,58.6,69.1,74.3,67.6,6.1,77.8,7.0,79.8,Good
Sakshi Kumar,ST2499,68.0,76.0,64.1,57.3,61.6,0.5,44.0,6.4,74.0,Good
Sameer Mehta,ST2500,65.6,54.7,71.7,66.9,79.2,6.0,46.3,6.5,68.3,Average
Sanya Gupta,ST2501,51.3,31.4,42.3,75.8,54.3,5.6,52.9,7.4,61.6,Average
Anjali Kumar,ST2502,71.1,47.8,57.0,69.7,63.7,7.0,71.4,6.5,82.4,Good
Sneha Sharma,ST2503,97.8,65.5,94.0,74.9,85.2,3.6,72.3,6.4,95.2,Excellent
Aarav Kapoor,ST2504,73.7,52.7,63.7,53.4,66.8,0.5,46.8,8.8,66.5,Average
Meera Sinha,ST2505,96.6,84.6,83.1,86.3,96.7,5.9,100.0,7.9,100.0,Excellent
Riya Agarwal,ST2506,62.3,57.6,46.7,63.8,44.1,4.1,50.1,5.7,53.4,Average
Khushi Singh,ST2507,77.4,71.3,54.0,68.9,69.1,6.2,52.9,7.6,87.0,Excellent
Sachin Mishra,ST2508,67.4,54.0,69.8,63.6,38.9,4.8,42.2,7.2,70.9,Good
Tanya Gupta,ST2509,69.5,96.8,62.3,72.2,81.2,5.2,57.6,7.2,84.3,Good
Arjun Verma,ST2510,95.4,80.2,81.1,85.9,99.8,10.0,79.7,8.0,100.0,Excellent
Deepak Patel,ST2511,63.1,51.1,63.6,67.5,65.1,2.4,65.3,7.5,68.6,Average
Aarav Kumar,ST2512,59.8,45.1,44.8,72.5,75.0,2.6,62.4,8.0,63.7,Average
Amit Singh,ST2513,94.5,72.6,74.5,75.1,75.1,3.3,74.2,7.4,86.9,Excellent
Ayush Shah,ST2514,59.1,69.5,68.0,69.6,61.6,5.4,58.1,7.2,77.7,Good
Aman Chauhan,ST2515,90.4,54.3,66.2,71.6,57.6,4.4,86.7,6.1,75.8,Good
Priya Agarwal,ST2516,69.9,47.0,49.9,66.4,66.5,4.6,68.1,9.5,73.9,Good
Ananya Kapoor,ST2517,65.6,67.7,59.0,79.4,59.6,3.6,77.9,4.5,70.6,Good
Rohan Agarwal,ST2518,86.5,73.9,83.4,77.2,77.8,7.0,80.8,6.0,85.4,Excellent
Sneha Gupta,ST2519,55.0,36.0,37.6,54.0,50.9,1.8,53.5,6.9,47.6,At Risk
Sneha Singh,ST2520,75.3,64.5,60.2,56.4,59.3,3.3,28.7,8.1,75.9,Good
Nikhil Patel,ST2521,63.9,27.3,39.7,40.2,48.9,2.0,48.6,5.9,45.8,At Risk
Aman Bansal,ST2522,84.5,60.0,68.6,63.7,56.4,2.3,97.5,7.1,77.0,Good
Aryan Rana,ST2523,94.0,82.9,83.7,72.0,80.4,5.9,75.7,7.7,86.9,Excellent
Riya Shah,ST2524,72.1,71.9,59.8,62.4,74.0,5.2,54.0,5.8,84.1,Good
Kavya Shah,ST2525,80.8,55.3,67.6,65.1,51.6,1.5,54.2,7.3,68.5,Average
Sakshi Saxena,ST2526,76.2,49.8,53.9,51.6,47.7,6.5,45.9,6.7,76.3,Good
Neha Kumar,ST2527,67.7,57.8,73.9,67.5,74.0,4.1,53.3,6.5,85.4,Excellent
Amit Gupta,ST2528,79.3,72.2,55.8,74.8,60.1,3.0,67.6,7.3,71.3,Good
Diya Verma,ST2529,90.6,86.3,70.1,70.7,80.8,4.6,88.8,6.6,87.1,Excellent
Neha Sinha,ST2530,66.0,56.9,42.3,59.6,57.9,6.0,63.3,7.9,77.6,Good
Akash Agarwal,ST2531,76.3,67.6,67.3,62.0,73.2,3.7,59.5,7.7,76.1,Good
Sanya Shah,ST2532,82.9,61.4,61.0,58.7,79.6,4.6,56.3,6.9,80.0,Good
Mohit Chauhan,ST2533,67.4,47.3,58.8,75.6,64.8,5.0,62.9,7.1,75.2,Good
Mohit Yadav,ST2534,74.0,59.1,70.0,71.6,51.8,5.0,71.9,6.6,67.0,Average
Ayush Mehta,ST2535,91.0,64.0,77.3,92.4,68.3,4.0,69.5,8.5,92.5,Excellent
Aman Sinha,ST2536,100.0,75.8,89.3,71.6,74.9,7.1,68.3,7.2,95.6,Excellent
Aarav Singh,ST2537,67.7,56.7,55.1,81.3,67.1,4.4,74.3,6.9,71.2,Good
Diya Kapoor,ST2538,61.0,55.1,52.9,52.6,62.6,0.5,75.3,8.0,71.9,Good
Sanya Mishra,ST2539,85.7,87.0,69.0,74.5,80.3,7.9,93.5,8.5,96.2,Excellent
Shreya Sinha,ST2540,66.9,49.1,60.4,86.4,57.2,2.3,81.0,6.6,67.8,Average
Kavya Singh,ST2541,81.0,59.5,88.2,64.8,48.8,4.5,63.7,7.9,73.0,Good
Khushi Malhotra,ST2542,70.3,72.5,54.7,84.1,80.9,5.0,80.1,7.4,87.1,Excellent
Neha Sinha,ST2543,62.0,65.0,72.0,68.3,64.4,3.4,81.6,7.0,76.7,Good
Sneha Mehta,ST2544,85.9,54.6,71.6,55.9,64.7,5.2,56.3,6.3,69.6,Average
Mohit Malhotra,ST2545,86.7,88.2,65.5,62.7,78.0,3.4,65.5,8.0,86.8,Excellent
Rahul Gupta,ST2546,45.0,25.0,28.4,38.7,25.0,0.5,20.0,7.8,44.3,At Risk
Kavya Gupta,ST2547,90.3,57.9,77.0,70.1,79.2,8.1,80.5,8.1,96.1,Excellent
Shreya Sinha,ST2548,82.4,45.3,54.8,59.1,49.3,3.4,39.0,8.4,75.0,Good
Priya Verma,ST2549,72.0,88.1,68.0,56.5,86.7,3.2,93.2,7.5,82.4,Good
Ayush Shah,ST2550,80.5,66.1,69.0,76.4,50.0,5.1,56.9,6.3,86.4,Excellent
Deepak Mishra,ST2551,75.2,75.9,93.9,67.6,73.8,6.8,88.4,8.8,95.8,Excellent
Varun Gupta,ST2552,75.9,67.9,68.6,71.2,67.2,2.1,43.2,6.7,77.0,Good
Kavya Pandey,ST2553,72.3,65.3,51.0,50.1,73.0,6.2,82.6,7.7,86.5,Excellent
Deepak Patel,ST2554,48.9,43.2,48.4,66.6,55.8,5.5,63.7,5.2,76.4,Good
Kavya Sinha,ST2555,69.8,67.0,41.6,47.9,47.4,4.3,44.7,8.7,64.8,Average
Manish Saxena,ST2556,62.6,37.5,35.3,49.8,43.3,1.6,48.2,5.4,48.4,At Risk
Sakshi Patel,ST2557,74.0,63.4,71.9,69.4,67.7,3.7,57.6,6.8,78.1,Good
Shreya Patel,ST2558,61.7,63.2,62.0,70.6,86.8,5.6,66.3,5.9,77.4,Good
Ayush Sharma,ST2559,71.5,51.7,53.9,52.6,56.3,4.4,67.3,8.5,69.3,Average
Nisha Kapoor,ST2560,80.4,68.4,69.2,54.7,56.7,5.0,58.9,6.3,70.2,Good
Priya Mishra,ST2561,73.6,56.0,71.5,74.9,68.4,6.5,64.5,7.3,83.9,Good
Kavya Sinha,ST2562,81.5,45.6,76.4,65.9,63.6,6.0,42.4,7.1,82.1,Good
Ishaan Bansal,ST2563,45.5,33.3,33.4,38.5,43.5,0.5,39.9,6.1,46.1,At Risk
Rahul Sinha,ST2564,65.8,34.0,47.2,65.7,59.4,4.3,27.8,8.1,58.1,Average
Aman Mehta,ST2565,70.9,79.9,72.5,70.7,78.9,7.3,91.4,6.7,83.9,Good
Shivam Saxena,ST2566,68.6,75.0,86.9,71.3,82.9,6.0,60.1,8.4,90.5,Excellent
Aryan Malhotra,ST2567,63.6,56.8,45.5,45.7,62.3,3.1,49.5,7.8,65.0,Average
Kavya Rana,ST2568,67.0,50.8,78.9,55.8,55.3,2.9,68.2,6.5,68.9,Average
Sameer Malhotra,ST2569,81.5,78.7,78.3,72.5,68.6,3.8,100.0,6.9,85.8,Excellent
Manish Patel,ST2570,58.2,39.5,76.0,66.5,62.5,6.8,80.7,6.6,74.9,Good
Akash Gupta,ST2571,81.3,51.4,56.7,83.0,53.8,2.1,83.4,8.1,75.6,Good
Diya Kapoor,ST2572,75.8,65.3,70.4,70.4,74.1,9.2,85.1,7.2,97.2,Excellent
Sachin Saxena,ST2573,80.3,72.2,61.6,63.7,55.4,3.9,77.0,6.5,73.2,Good
Sakshi Mishra,ST2574,74.0,53.4,72.3,64.0,49.4,6.0,65.3,7.8,80.9,Good
Akash Agarwal,ST2575,60.3,77.6,60.3,72.8,77.8,4.3,70.4,7.5,81.0,Good
Mohit Saxena,ST2576,94.7,59.6,83.1,95.6,90.7,8.5,82.8,7.2,92.4,Excellent
Deepak Verma,ST2577,100.0,87.8,82.6,72.6,80.4,5.8,94.3,7.4,95.5,Excellent
Nisha Singh,ST2578,85.9,64.5,74.3,64.4,73.3,3.4,58.6,8.0,81.5,Good
Rohan Kapoor,ST2579,62.3,61.9,52.8,70.5,59.6,4.0,48.9,6.2,79.3,Good
Shivam Sinha,ST2580,86.8,60.3,65.0,60.1,84.1,5.0,79.4,7.2,80.7,Good
Arjun Rana,ST2581,68.9,79.4,83.2,56.6,71.1,6.5,54.4,7.8,83.7,Good
Vikram Mehta,ST2582,51.9,46.9,37.8,83.7,53.4,3.3,56.5,8.3,68.0,Average
Rohan Mehta,ST2583,81.3,60.8,86.0,68.9,69.2,5.9,95.9,8.0,89.4,Excellent
Akash Sharma,ST2584,78.5,49.8,72.1,64.9,80.2,2.6,71.2,6.4,69.5,Average
Shreya Gupta,ST2585,82.5,51.8,44.5,75.1,67.2,2.4,68.7,9.4,67.6,Average
Aarav Kapoor,ST2586,73.6,57.7,56.5,65.2,63.4,3.5,47.3,8.9,66.2,Average
Sneha Shah,ST2587,75.5,52.8,42.4,74.4,57.4,4.3,45.2,6.2,72.8,Good
Vikram Malhotra,ST2588,50.2,33.6,42.6,69.2,64.1,1.4,66.0,7.1,54.5,Average
Amit Joshi,ST2589,63.7,55.0,49.0,47.3,62.8,4.1,55.4,7.8,79.5,Good
Aarav Kumar,ST2590,87.5,46.0,58.8,84.8,56.3,6.0,80.0,6.2,77.6,Good
Shivam Verma,ST2591,75.4,75.0,84.9,71.4,63.8,4.3,37.4,7.7,85.4,Excellent
Vikram Joshi,ST2592,63.6,70.0,60.0,61.7,53.6,2.8,61.2,7.5,66.2,Average
Sanya Chauhan,ST2593,99.7,78.9,100.0,93.4,91.1,5.2,100.0,8.3,100.0,Excellent
Ishaan Kumar,ST2594,66.6,62.0,52.1,39.8,68.4,0.9,70.6,7.9,72.8,Good
Rohan Patel,ST2595,68.2,83.0,80.4,77.9,68.9,6.6,84.7,4.8,85.3,Excellent
Ayush Singh,ST2596,70.6,40.3,65.1,48.0,45.8,1.2,37.7,8.3,56.6,Average
Arjun Singh,ST2597,78.6,65.9,76.8,64.1,65.0,3.8,74.9,8.4,80.8,Good
Ishaan Shah,ST2598,78.9,68.9,70.1,63.4,75.3,4.6,66.8,7.0,81.0,Good
Sakshi Verma,ST2599,48.0,56.4,50.3,71.8,50.2,7.1,54.5,6.9,67.5,Average
Manish Patel,ST2600,91.9,39.0,60.2,74.4,52.0,4.1,65.3,7.3,82.1,Good
Karan Verma,ST2601,65.2,88.6,70.4,74.5,73.1,8.1,93.9,6.0,91.7,Excellent
Vikram Rana,ST2602,89.7,59.2,61.0,58.7,56.9,3.3,46.7,9.5,83.0,Good
Sanya Agarwal,ST2603,85.5,53.3,46.7,65.7,68.1,4.3,52.6,6.3,77.8,Good
Karan Patel,ST2604,47.3,36.6,51.7,54.0,57.2,4.1,55.8,8.0,71.2,Good
Aditya Verma,ST2605,85.4,66.9,58.5,81.3,71.2,6.7,97.8,7.7,84.6,Good
Pranav Shah,ST2606,53.3,62.7,52.1,65.0,38.5,3.4,49.3,6.7,67.1,Average
Sachin Verma,ST2607,69.3,67.9,52.7,71.5,56.1,4.1,46.5,6.2,69.2,Average
Varun Singh,ST2608,75.4,76.8,87.4,68.1,57.4,6.7,49.5,6.7,84.8,Good
Arjun Chauhan,ST2609,81.1,54.0,66.4,74.3,69.1,5.5,100.0,7.6,80.3,Good
Priya Mehta,ST2610,70.7,51.8,51.4,65.7,52.7,2.8,36.4,7.6,76.7,Good
Varun Sharma,ST2611,73.3,77.4,66.4,79.3,77.1,8.1,79.8,8.4,90.8,Excellent
Kavya Joshi,ST2612,74.9,67.4,49.7,62.0,64.8,4.7,45.0,6.4,76.4,Good
Rohan Shah,ST2613,59.8,43.1,55.4,52.1,71.0,1.5,42.5,6.9,55.4,Average
Mohit Sinha,ST2614,55.8,71.5,73.6,70.3,70.4,2.7,56.8,8.2,75.1,Good
Manish Rana,ST2615,77.0,60.0,83.1,67.6,75.8,8.6,51.6,4.9,90.2,Excellent
Nikhil Agarwal,ST2616,83.2,57.0,72.9,61.7,44.3,2.8,74.5,6.7,74.8,Good
Avni Kumar,ST2617,80.2,75.3,95.0,83.2,78.8,6.9,83.7,6.6,91.3,Excellent
Arjun Pandey,ST2618,50.8,38.3,67.3,67.0,67.6,4.1,53.6,7.1,65.1,Average
Meera Bansal,ST2619,76.0,56.2,54.4,53.9,64.3,4.9,53.5,6.5,73.2,Good
Ishaan Bansal,ST2620,56.2,45.0,56.1,63.3,45.0,6.4,68.5,5.0,67.3,Average
Rahul Chauhan,ST2621,83.8,89.4,52.6,94.4,72.4,7.1,77.3,8.2,88.6,Excellent
Nisha Kapoor,ST2622,72.9,59.8,72.7,75.6,68.1,5.9,92.4,8.3,85.1,Excellent
Neha Kumar,ST2623,81.1,56.1,56.7,58.7,52.2,2.9,50.9,5.6,66.5,Average
Diya Malhotra,ST2624,69.5,46.3,78.2,78.2,57.1,2.9,68.4,7.9,77.6,Good
Khushi Yadav,ST2625,45.0,27.7,25.0,62.2,25.0,4.6,20.0,6.9,54.2,Average
Sachin Chauhan,ST2626,78.6,70.5,81.5,84.8,69.7,5.4,72.1,7.5,91.7,Excellent
Sanya Bansal,ST2627,62.2,54.2,54.9,52.9,68.5,4.1,78.4,7.4,73.9,Good
Sanya Mishra,ST2628,49.1,64.9,37.0,53.9,47.9,1.9,53.3,5.9,59.0,Average
Deepak Rana,ST2629,76.4,42.2,33.2,69.0,51.3,2.9,72.6,8.1,69.2,Average
Isha Rana,ST2630,82.0,57.2,75.5,47.6,73.5,6.7,68.3,6.2,86.3,Excellent
Riya Bansal,ST2631,80.2,57.8,61.8,66.6,51.4,3.7,67.1,4.6,77.9,Good
Sakshi Patel,ST2632,87.2,66.9,71.8,75.3,68.7,3.3,85.0,7.4,79.3,Good
Kavya Bansal,ST2633,80.5,74.9,74.6,85.6,68.3,3.9,68.1,5.6,80.2,Good
Arjun Joshi,ST2634,69.6,75.3,71.7,72.6,77.3,5.0,54.1,8.1,89.0,Excellent
Ananya Gupta,ST2635,51.4,33.8,29.6,49.6,34.1,2.9,34.0,7.0,46.0,At Risk
Riya Mishra,ST2636,68.6,83.4,61.9,68.5,55.3,1.2,48.0,7.5,66.1,Average
Aarav Mishra,ST2637,75.0,47.1,54.2,70.1,44.1,4.4,72.3,7.6,69.4,Average
Manish Joshi,ST2638,55.4,69.5,65.4,65.4,47.6,4.5,69.9,7.2,74.1,Good
Priya Verma,ST2639,71.3,64.8,59.9,58.2,59.0,5.5,50.8,6.4,72.3,Good
Aman Kumar,ST2640,49.6,60.4,77.4,57.5,48.7,2.9,67.8,8.4,72.6,Good
Khushi Kapoor,ST2641,80.2,71.6,68.8,71.9,60.8,6.6,56.4,6.7,82.5,Good
Diya Sinha,ST2642,88.7,95.6,77.3,88.0,92.8,4.1,94.5,6.0,93.4,Excellent
Ananya Saxena,ST2643,67.2,70.3,80.4,80.5,82.2,7.0,74.2,7.1,82.6,Good
Deepak Sinha,ST2644,61.6,68.7,73.7,62.8,88.3,4.2,71.9,7.0,83.5,Good
Sneha Rana,ST2645,83.3,100.0,91.8,79.7,75.9,7.2,100.0,6.7,100.0,Excellent
Nikhil Sharma,ST2646,84.8,73.7,85.7,86.2,84.8,6.0,88.8,7.0,94.3,Excellent
Priya Agarwal,ST2647,61.4,74.7,67.6,64.8,62.4,5.5,65.2,7.0,80.0,Good
Nikhil Mishra,ST2648,82.6,58.5,53.4,72.4,62.4,2.0,72.7,8.8,76.5,Good
Diya Gupta,ST2649,92.3,68.8,72.6,81.5,100.0,7.7,72.4,5.9,99.8,Excellent
Sameer Yadav,ST2650,90.5,62.1,86.1,92.2,62.7,7.3,56.9,4.6,88.5,Excellent
Ayush Rana,ST2651,46.6,45.7,65.2,50.7,45.3,2.2,64.8,7.3,55.1,Average
Aman Kapoor,ST2652,97.5,90.0,63.7,92.7,73.5,5.9,65.3,7.7,100.0,Excellent
Pooja Joshi,ST2653,79.3,40.1,50.8,77.5,60.4,2.8,77.2,5.7,74.6,Good
Mohit Pandey,ST2654,60.2,56.0,42.2,58.3,36.6,1.4,59.4,7.8,60.5,Average
Manish Sinha,ST2655,45.0,49.1,51.0,44.3,57.1,2.3,44.1,5.9,56.8,Average
Deepak Gupta,ST2656,71.6,47.4,72.4,84.9,78.0,4.5,53.4,7.9,81.4,Good
Kavya Gupta,ST2657,70.7,57.9,57.1,61.8,73.7,3.9,62.4,7.1,71.0,Good
Varun Joshi,ST2658,87.0,91.9,100.0,87.0,73.7,4.4,87.2,6.2,100.0,Excellent
Shivam Kapoor,ST2659,78.2,86.8,74.6,81.7,82.3,6.5,81.9,5.2,95.6,Excellent
Khushi Chauhan,ST2660,75.7,75.1,74.4,64.8,69.7,3.1,50.2,9.4,81.7,Good
Shivam Yadav,ST2661,55.5,63.6,79.8,80.5,76.6,3.7,81.6,9.5,87.2,Excellent
Anjali Joshi,ST2662,96.1,66.8,67.3,69.1,77.4,7.7,87.6,5.6,95.5,Excellent
Diya Bansal,ST2663,84.8,84.3,63.9,88.2,83.1,3.0,74.8,6.1,86.1,Excellent
Sneha Shah,ST2664,71.0,49.1,51.2,57.3,53.9,4.7,55.7,7.1,64.9,Average
Shreya Verma,ST2665,68.4,63.7,47.2,63.9,59.9,1.3,71.9,7.1,70.6,Good
Karan Joshi,ST2666,88.6,94.0,69.1,60.5,78.9,2.6,80.1,7.0,85.7,Excellent
Aryan Patel,ST2667,78.7,78.6,60.0,83.1,76.1,5.9,49.5,7.2,80.7,Good
Ayush Sharma,ST2668,69.6,69.8,61.7,84.4,70.1,3.5,67.0,9.1,86.9,Excellent
Shreya Shah,ST2669,59.1,45.0,54.9,64.5,41.9,0.5,59.8,8.9,62.8,Average
Nikhil Shah,ST2670,80.9,54.0,58.5,68.6,57.8,4.4,64.2,6.7,73.9,Good
Sanya Joshi,ST2671,72.5,81.7,68.9,72.2,71.8,5.9,89.3,7.6,98.3,Excellent
Nisha Malhotra,ST2672,57.5,33.5,35.0,50.8,35.5,0.5,34.0,5.7,43.7,At Risk
Anjali Kumar,ST2673,77.1,93.2,77.2,77.8,83.6,7.7,83.7,6.8,92.8,Excellent
Khushi Singh,ST2674,89.9,83.0,100.0,68.4,95.5,4.0,78.2,6.9,95.1,Excellent
Rahul Patel,ST2675,68.4,49.3,56.6,67.7,68.2,1.7,68.5,8.4,69.9,Average
Mohit Malhotra,ST2676,91.9,75.4,74.2,83.6,81.2,3.9,69.0,7.8,86.9,Excellent
Aarav Kumar,ST2677,79.4,48.0,78.0,67.0,75.5,5.1,59.5,7.3,87.1,Excellent
Mohit Mishra,ST2678,74.2,71.3,77.8,48.4,86.9,4.5,67.4,7.5,78.2,Good
Shivam Shah,ST2679,75.9,44.6,47.2,46.4,50.1,0.5,42.1,7.1,59.3,Average
Avni Yadav,ST2680,78.1,98.5,69.0,86.1,85.6,3.4,86.6,8.2,92.8,Excellent
Avni Chauhan,ST2681,95.2,88.7,86.8,67.2,77.7,5.0,84.5,7.5,95.0,Excellent
Diya Gupta,ST2682,57.2,59.5,65.6,54.9,42.3,1.7,30.4,7.2,66.8,Average
Tanya Verma,ST2683,71.7,35.1,47.3,53.8,51.0,4.0,67.6,7.2,74.8,Good
Neha Rana,ST2684,89.7,70.8,57.0,71.1,78.2,3.6,71.6,8.0,83.6,Good
Shreya Chauhan,ST2685,66.4,49.8,60.6,66.5,66.8,4.9,55.0,7.9,79.0,Good
Avni Singh,ST2686,56.7,78.9,52.5,74.9,48.9,6.6,65.7,6.5,77.5,Good
Pooja Singh,ST2687,80.9,68.4,79.3,79.5,89.8,7.0,67.8,5.9,90.8,Excellent
Tanya Rana,ST2688,74.4,37.0,51.8,41.3,25.7,0.5,40.3,7.1,54.9,Average
Deepak Pandey,ST2689,85.5,72.8,94.7,92.3,95.4,6.0,95.1,6.5,99.2,Excellent
Nisha Mishra,ST2690,86.9,61.1,60.7,50.5,68.6,3.7,84.1,7.3,74.1,Good
Pooja Kumar,ST2691,74.7,93.9,89.7,81.6,72.6,5.1,73.1,8.2,100.0,Excellent
Pranav Patel,ST2692,75.5,81.0,93.5,85.9,82.7,1.8,76.0,6.9,88.3,Excellent
Aarav Pandey,ST2693,89.4,74.2,82.5,97.6,74.2,4.2,91.1,7.5,92.6,Excellent
Rahul Saxena,ST2694,81.6,38.7,53.1,63.8,70.2,2.3,54.8,7.1,65.5,Average
Kavya Malhotra,ST2695,85.6,62.9,51.7,67.6,57.2,3.3,73.3,7.2,76.9,Good
Rahul Yadav,ST2696,77.9,74.0,84.3,73.1,68.9,4.4,62.4,7.4,84.0,Good
Priya Agarwal,ST2697,78.0,51.2,61.9,64.1,69.7,2.4,62.0,8.5,75.2,Good
Rohan Joshi,ST2698,66.1,57.8,62.3,61.7,33.6,0.8,58.1,7.8,62.6,Average
Sanya Gupta,ST2699,73.1,49.9,39.0,63.7,61.6,2.6,33.5,4.7,56.4,Average
Ananya Mehta,ST2700,68.3,75.5,64.1,65.9,46.6,3.5,80.1,7.0,82.9,Good
Sakshi Sharma,ST2701,76.4,57.0,67.9,62.0,46.7,3.8,62.9,8.7,71.5,Good
Anjali Pandey,ST2702,62.5,51.8,50.3,71.3,55.4,2.8,60.3,8.4,65.6,Average
Deepak Saxena,ST2703,91.6,83.2,98.7,74.8,91.1,4.2,100.0,7.9,100.0,Excellent
Karan Mishra,ST2704,82.0,65.0,76.1,75.6,72.6,3.9,68.8,8.3,86.1,Excellent
Shreya Shah,ST2705,63.5,73.8,64.3,72.7,59.0,3.6,48.9,8.0,79.0,Good
Anjali Kumar,ST2706,66.1,69.0,63.2,66.4,87.1,4.6,63.8,8.2,84.5,Good
Aryan Mishra,ST2707,81.8,65.3,64.5,34.3,74.8,1.6,69.3,6.3,67.3,Average
Arjun Sharma,ST2708,69.8,60.7,90.3,84.0,65.1,5.8,63.4,6.8,87.8,Excellent
Nikhil Malhotra,ST2709,77.0,58.8,76.2,73.8,69.4,5.6,62.8,7.1,79.9,Good
Neha Kumar,ST2710,64.2,65.7,54.1,54.9,60.1,2.9,51.3,7.3,73.7,Good
Vikram Singh,ST2711,65.8,47.9,72.7,72.1,82.0,3.3,61.9,6.6,70.2,Good
Riya Joshi,ST2712,82.7,76.5,74.1,79.1,82.9,4.3,82.4,7.2,85.1,Excellent
Riya Verma,ST2713,92.7,59.2,91.6,66.2,91.1,6.7,58.3,5.1,85.5,Excellent
Sanya Shah,ST2714,47.1,30.3,27.2,53.0,48.3,5.1,24.3,7.4,56.6,Average
Isha Yadav,ST2715,83.7,56.6,61.7,64.5,58.9,2.5,53.7,6.6,71.1,Good
Pranav Kumar,ST2716,77.4,51.7,72.9,57.4,52.2,5.6,69.6,4.8,74.1,Good
Pranav Malhotra,ST2717,64.5,65.9,50.9,57.5,68.3,2.2,55.4,7.3,68.5,Average
Aryan Gupta,ST2718,86.5,77.8,78.2,68.5,70.5,4.7,60.6,8.6,88.1,Excellent
Sakshi Pandey,ST2719,79.9,99.2,78.8,76.8,64.4,7.0,67.2,4.9,88.0,Excellent
Ayush Kapoor,ST2720,68.7,51.6,27.8,46.3,57.9,2.5,51.8,7.1,53.6,Average
Sakshi Joshi,ST2721,79.6,40.9,71.7,59.4,61.0,5.2,45.6,5.4,65.1,Average
Kavya Yadav,ST2722,82.1,69.7,72.6,75.8,70.6,4.7,59.9,7.3,80.4,Good
Anjali Agarwal,ST2723,64.2,60.8,78.8,81.2,62.3,1.1,74.3,8.3,74.3,Good
Pranav Agarwal,ST2724,74.3,49.9,51.0,65.4,53.4,7.6,45.5,5.9,80.4,Good
Manish Mishra,ST2725,76.2,70.1,57.1,78.3,76.5,4.6,81.4,6.6,77.6,Good
Diya Malhotra,ST2726,66.1,79.0,81.0,85.5,87.8,6.9,68.9,6.6,86.5,Excellent
Vikram Kumar,ST2727,83.1,74.7,66.9,82.3,60.0,3.9,55.4,8.4,74.9,Good
Sachin Mishra,ST2728,81.4,60.9,80.5,99.1,78.7,7.5,83.9,5.3,94.0,Excellent
Aarav Rana,ST2729,65.1,70.1,55.4,60.9,57.4,5.0,52.0,6.6,72.1,Good
Tanya Kapoor,ST2730,75.0,47.5,46.8,70.1,64.2,1.8,61.5,8.9,64.5,Average
Sachin Joshi,ST2731,60.7,61.7,65.7,71.3,73.6,4.8,69.5,6.3,76.7,Good
Pranav Rana,ST2732,77.4,58.5,70.7,75.8,62.4,6.1,62.7,6.5,78.7,Good
Amit Pandey,ST2733,76.6,74.1,70.4,75.2,100.0,7.1,61.9,6.9,97.4,Excellent
Ayush Sharma,ST2734,57.9,51.0,58.8,56.8,70.8,4.4,62.9,9.4,71.8,Good
Tanya Verma,ST2735,81.9,76.2,75.6,75.8,89.6,6.6,77.9,5.7,98.5,Excellent
Isha Chauhan,ST2736,45.0,56.1,33.6,77.2,38.1,1.5,49.0,8.2,59.2,Average
Amit Patel,ST2737,62.3,56.1,48.0,60.8,31.7,0.7,51.8,6.3,55.0,Average
Tanya Bansal,ST2738,100.0,93.2,93.8,72.0,90.2,6.7,84.0,5.8,99.5,Excellent
Ishaan Agarwal,ST2739,72.6,63.4,58.5,61.9,64.8,1.7,49.8,6.9,70.4,Good
Diya Singh,ST2740,89.4,96.0,60.8,76.7,75.1,4.2,72.6,7.6,88.2,Excellent
Rohan Patel,ST2741,100.0,95.9,99.6,84.0,83.1,5.4,79.0,6.4,96.4,Excellent
Riya Malhotra,ST2742,51.1,31.7,29.5,48.6,25.0,0.5,40.1,7.7,48.6,At Risk
Sameer Rana,ST2743,96.1,93.7,68.1,82.7,74.8,6.9,76.8,6.1,99.6,Excellent
Ayush Shah,ST2744,80.7,77.7,75.2,80.4,73.4,3.6,76.0,7.2,90.4,Excellent
Ayush Yadav,ST2745,85.1,75.7,83.5,87.1,82.7,9.8,86.6,5.1,98.2,Excellent
Ananya Joshi,ST2746,59.7,47.7,58.8,67.9,48.8,4.6,75.0,5.8,73.4,Good
Karan Kumar,ST2747,91.9,67.7,93.1,69.6,77.4,8.4,68.8,6.1,96.1,Excellent
Shivam Saxena,ST2748,77.4,30.3,65.3,61.1,75.7,2.4,56.9,7.9,68.7,Average
Pranav Yadav,ST2749,85.6,68.3,79.6,83.4,87.7,6.2,67.4,7.0,89.3,Excellent
Ayush Gupta,ST2750,68.6,65.9,72.1,72.0,77.1,2.7,61.8,6.5,80.4,Good
Pooja Bansal,ST2751,95.7,76.4,60.6,71.1,80.0,5.9,67.4,5.8,79.3,Good
Manish Patel,ST2752,62.6,50.1,78.5,65.7,55.2,1.6,76.3,8.4,78.0,Good
Khushi Patel,ST2753,50.6,25.0,40.9,45.9,53.3,3.9,28.2,8.5,57.3,Average
Aman Yadav,ST2754,51.8,40.6,49.3,50.7,44.0,0.5,39.9,8.0,51.5,Average
Riya Verma,ST2755,93.0,68.8,80.8,55.2,85.5,5.3,76.9,7.3,86.1,Excellent
Kavya Mishra,ST2756,76.7,78.7,61.9,56.1,71.1,5.0,89.5,4.9,77.9,Good
Karan Verma,ST2757,81.2,86.7,72.0,77.4,72.8,4.1,94.4,7.7,93.0,Excellent
Sanya Malhotra,ST2758,69.9,69.8,75.8,72.6,65.0,2.8,55.4,8.9,81.0,Good
Diya Agarwal,ST2759,100.0,91.9,68.6,73.9,97.4,6.9,100.0,7.8,100.0,Excellent
Arjun Kumar,ST2760,78.5,63.6,68.2,77.7,54.4,6.2,66.9,7.9,81.3,Good
Rohan Sharma,ST2761,63.7,67.1,78.7,67.6,69.0,3.7,66.3,5.5,77.1,Good
Varun Rana,ST2762,75.6,67.6,79.5,77.7,67.2,6.0,92.7,6.2,99.1,Excellent
Meera Bansal,ST2763,62.9,52.9,53.5,66.8,85.0,5.3,53.8,6.8,87.4,Excellent
Neha Yadav,ST2764,76.1,43.1,71.3,74.7,66.1,4.3,69.8,6.4,80.4,Good
Aryan Gupta,ST2765,64.3,48.3,42.6,63.2,55.3,2.7,30.0,6.1,56.6,Average
Avni Kumar,ST2766,89.6,77.0,63.5,74.2,69.3,4.7,78.6,7.5,90.1,Excellent
Sneha Agarwal,ST2767,64.8,72.6,64.6,67.9,55.3,5.8,87.5,7.9,79.2,Good
Mohit Agarwal,ST2768,62.1,51.0,58.6,59.1,59.1,2.5,61.4,5.9,63.7,Average
Vikram Verma,ST2769,100.0,80.9,98.0,87.1,95.1,9.0,100.0,7.6,100.0,Excellent
Arjun Saxena,ST2770,80.4,60.8,66.3,62.3,65.2,3.5,68.7,7.4,76.3,Good
Priya Gupta,ST2771,79.3,64.9,55.1,77.5,75.3,3.3,59.6,8.8,79.0,Good
Priya Singh,ST2772,64.7,50.5,57.6,80.5,60.2,3.4,62.3,8.0,70.6,Good
Diya Shah,ST2773,73.7,52.8,62.1,77.4,63.4,3.0,77.5,7.4,71.6,Good
Avni Kumar,ST2774,45.7,71.6,47.7,61.9,44.8,0.6,38.7,7.7,58.1,Average
Aryan Verma,ST2775,75.1,84.0,69.5,88.5,94.7,6.6,95.4,6.8,99.0,Excellent
Aarav Mehta,ST2776,96.3,100.0,96.4,91.9,93.3,8.5,86.4,8.4,100.0,Excellent
Akash Pandey,ST2777,65.0,44.6,67.5,52.9,78.7,3.4,55.3,7.8,73.0,Good
Meera Singh,ST2778,92.8,81.7,92.7,74.4,74.4,6.2,79.4,6.5,100.0,Excellent
Shivam Rana,ST2779,69.4,59.1,51.4,83.0,85.4,3.0,63.9,7.8,69.5,Average
Varun Chauhan,ST2780,83.5,93.2,83.8,77.1,76.6,6.7,100.0,7.3,98.9,Excellent
Kavya Bansal,ST2781,100.0,100.0,81.9,94.8,89.9,10.0,87.0,6.0,100.0,Excellent
Riya Pandey,ST2782,95.2,46.2,52.5,59.0,69.6,5.9,46.6,6.1,84.8,Good
Priya Bansal,ST2783,56.9,33.4,42.1,67.9,59.7,2.4,51.7,8.5,61.2,Average
Aman Sharma,ST2784,85.7,84.4,81.8,74.4,86.2,5.5,69.0,6.7,95.3,Excellent
Aarav Shah,ST2785,84.9,62.3,74.9,72.8,51.6,4.2,65.8,6.8,83.6,Good
Meera Pandey,ST2786,74.9,80.5,79.6,72.5,68.3,2.8,81.5,7.9,82.4,Good
Nikhil Agarwal,ST2787,83.1,56.5,68.8,71.5,52.5,3.2,50.9,6.7,77.7,Good
Ayush Joshi,ST2788,51.9,39.8,47.9,63.6,43.6,4.5,53.0,7.3,67.6,Average
Amit Sharma,ST2789,82.9,60.7,92.8,88.6,81.8,4.4,85.4,6.7,93.1,Excellent
Kavya Verma,ST2790,75.4,74.5,78.9,78.8,50.7,4.4,62.5,4.5,75.1,Good
Riya Kumar,ST2791,61.9,51.8,45.6,59.5,60.7,0.7,50.2,7.9,55.5,Average
Amit Mishra,ST2792,64.1,84.6,71.5,82.0,83.7,6.7,79.8,7.1,100.0,Excellent
Mohit Singh,ST2793,92.0,74.9,66.3,80.7,90.0,3.0,72.4,7.6,85.9,Excellent
Deepak Sinha,ST2794,75.5,25.0,50.2,63.5,53.4,5.1,66.0,4.9,69.2,Average
Manish Shah,ST2795,100.0,91.6,93.1,80.3,77.8,8.4,91.7,5.2,100.0,Excellent
Anjali Kapoor,ST2796,83.3,40.9,67.8,78.4,71.1,3.1,52.5,8.4,86.1,Excellent
Anjali Malhotra,ST2797,66.6,42.3,55.7,74.8,77.3,3.1,48.4,7.3,68.0,Average
Amit Chauhan,ST2798,60.2,53.1,63.9,80.6,90.7,6.3,64.8,4.9,79.2,Good
Aman Agarwal,ST2799,86.1,43.1,58.6,63.5,80.5,7.3,54.5,6.8,91.7,Excellent
Meera Kapoor,ST2800,58.6,50.1,51.5,41.4,53.6,5.0,66.2,5.4,57.2,Average
Riya Malhotra,ST2801,66.6,59.3,55.4,69.0,65.6,4.6,49.4,6.5,78.0,Good
Manish Saxena,ST2802,76.0,42.9,73.3,62.2,70.4,2.5,70.6,7.6,73.5,Good
Varun Chauhan,ST2803,100.0,76.4,88.0,74.9,73.9,5.2,70.1,7.2,96.1,Excellent
Rahul Chauhan,ST2804,75.5,54.8,73.1,79.0,70.9,1.8,82.2,8.4,77.3,Good
Priya Kumar,ST2805,84.5,77.0,76.2,84.6,65.3,3.7,64.1,7.6,92.9,Excellent
Isha Singh,ST2806,55.6,67.3,55.0,70.6,58.1,3.9,55.8,7.7,68.6,Average
Sneha Sharma,ST2807,57.5,59.6,68.9,62.5,77.7,3.6,71.4,6.8,74.7,Good
Akash Kapoor,ST2808,92.9,92.8,65.6,83.6,76.1,4.7,94.7,6.2,96.2,Excellent
Nisha Malhotra,ST2809,72.1,70.0,71.6,58.6,53.7,3.4,51.8,7.2,70.6,Good
Shreya Verma,ST2810,70.5,65.5,61.7,53.1,66.5,4.0,60.2,8.1,76.7,Good
Riya Agarwal,ST2811,81.0,71.9,54.5,60.9,45.0,4.6,62.9,7.9,72.2,Good
Aman Singh,ST2812,47.3,42.8,77.7,70.7,60.4,0.7,34.7,7.3,59.9,Average
Sanya Rana,ST2813,63.1,42.4,63.8,66.2,68.1,5.3,46.4,6.9,83.8,Good
Nikhil Pandey,ST2814,71.9,50.2,76.5,79.1,69.7,4.6,74.5,6.1,84.8,Good
Nikhil Shah,ST2815,91.7,83.6,96.1,82.0,95.2,7.8,100.0,7.8,100.0,Excellent
Amit Joshi,ST2816,83.6,65.0,48.2,72.1,47.8,1.5,66.5,9.0,74.8,Good
Ananya Gupta,ST2817,74.9,51.6,56.4,67.4,81.4,5.9,66.2,7.3,73.2,Good
Avni Malhotra,ST2818,60.8,41.3,72.4,72.5,47.8,3.8,46.5,5.5,64.7,Average
Anjali Mehta,ST2819,69.7,59.2,80.1,72.7,71.6,8.1,94.4,7.3,94.6,Excellent
Tanya Pandey,ST2820,88.8,63.0,71.6,68.7,81.4,3.6,93.4,8.8,85.8,Excellent
Akash Sinha,ST2821,79.7,99.1,79.5,96.6,92.0,5.4,87.2,5.8,98.5,Excellent
Neha Kapoor,ST2822,74.6,83.4,83.5,74.8,100.0,2.9,73.1,8.1,85.3,Excellent
Aman Yadav,ST2823,74.9,63.2,75.4,75.1,62.6,3.6,60.1,7.0,73.1,Good
Tanya Sinha,ST2824,71.8,72.3,63.6,60.6,53.0,6.3,67.5,8.1,92.1,Excellent
Shreya Kapoor,ST2825,70.6,67.9,80.1,80.2,58.5,5.3,55.7,5.8,89.5,Excellent
Amit Shah,ST2826,80.3,65.0,57.0,80.7,68.0,3.1,52.2,6.8,75.6,Good
Nikhil Bansal,ST2827,82.0,90.0,68.4,72.5,76.7,6.0,73.6,5.3,84.3,Good
Rohan Gupta,ST2828,92.7,72.0,87.3,82.4,71.0,5.5,84.0,7.3,88.8,Excellent
Pooja Saxena,ST2829,76.6,71.2,84.6,73.1,63.8,0.9,82.1,8.0,81.6,Good
Priya Sinha,ST2830,76.5,55.3,57.9,58.0,40.1,0.5,53.5,7.9,72.6,Good
Ishaan Saxena,ST2831,84.4,80.7,96.0,95.7,99.5,8.1,90.0,6.1,100.0,Excellent
Shreya Mehta,ST2832,88.4,57.2,73.2,88.9,68.0,6.5,86.8,6.4,89.4,Excellent
Karan Malhotra,ST2833,55.7,61.0,65.8,59.5,58.5,1.6,74.8,7.1,68.6,Average
Karan Agarwal,ST2834,100.0,84.6,76.0,85.8,50.6,5.0,67.9,7.9,98.5,Excellent
Avni Verma,ST2835,82.9,75.0,67.3,75.2,52.4,3.4,79.4,5.7,79.6,Good
Aryan Rana,ST2836,85.5,100.0,96.9,84.1,77.9,8.1,96.2,6.3,97.7,Excellent
Ayush Agarwal,ST2837,53.4,34.5,55.0,50.5,41.8,2.8,48.6,5.8,58.8,Average
Neha Rana,ST2838,68.8,68.4,58.2,53.1,70.4,2.1,64.9,6.9,72.0,Good
Aman Saxena,ST2839,100.0,74.7,69.7,86.9,72.2,6.8,94.4,6.8,91.5,Excellent
Pooja Gupta,ST2840,88.7,74.5,73.1,77.8,79.3,5.2,80.7,9.1,97.9,Excellent
Tanya Rana,ST2841,88.7,100.0,76.7,100.0,95.5,6.7,66.9,6.1,98.8,Excellent
Aarav Sinha,ST2842,51.6,59.1,52.6,52.9,60.1,2.0,58.5,8.4,67.2,Average
Shreya Rana,ST2843,96.5,80.1,69.1,65.2,91.2,5.9,95.0,5.2,92.2,Excellent
Nisha Verma,ST2844,92.7,75.2,91.7,68.5,68.5,4.4,92.0,7.1,89.3,Excellent
Vikram Kapoor,ST2845,64.5,32.2,53.7,69.2,53.2,0.5,52.3,7.6,55.9,Average
Sakshi Mehta,ST2846,71.3,58.7,70.1,63.3,82.1,2.0,66.2,8.1,78.9,Good
Ananya Sharma,ST2847,71.2,49.2,76.4,81.3,80.7,2.6,62.0,6.7,70.7,Good
Nikhil Mehta,ST2848,74.0,40.2,51.5,55.5,67.5,3.1,47.2,6.4,69.5,Average
Kavya Verma,ST2849,88.3,41.6,69.2,58.8,67.1,4.9,73.4,4.9,70.9,Good
Riya Joshi,ST2850,89.5,61.8,91.8,95.9,72.6,8.1,83.1,7.0,92.4,Excellent
Diya Patel,ST2851,79.8,69.3,61.0,78.3,38.0,3.6,74.2,6.5,81.6,Good
Ananya Pandey,ST2852,79.5,76.3,76.0,70.6,58.5,6.0,64.7,7.9,87.2,Excellent
Akash Rana,ST2853,65.2,65.1,59.5,81.2,65.7,4.9,84.0,7.5,72.3,Good
Deepak Saxena,ST2854,66.1,65.6,67.6,71.0,64.4,5.0,60.4,8.2,80.0,Good
Aarav Rana,ST2855,78.3,58.0,81.1,67.6,51.6,5.0,62.0,6.1,80.4,Good
Akash Kapoor,ST2856,93.1,78.6,83.1,91.8,79.3,6.3,69.2,7.0,98.7,Excellent
Shreya Kumar,ST2857,68.6,48.3,47.1,42.0,50.9,2.6,47.8,7.5,58.5,Average
Khushi Rana,ST2858,78.2,50.4,69.7,66.8,68.5,3.5,92.5,6.7,74.7,Good
Manish Mishra,ST2859,98.7,56.1,83.4,82.7,92.5,6.8,90.7,8.0,98.7,Excellent
Shivam Malhotra,ST2860,70.0,48.0,63.9,69.0,57.9,6.2,65.3,7.6,82.5,Good
Ishaan Sharma,ST2861,73.3,53.8,54.3,52.2,70.2,3.9,76.2,9.2,70.6,Good
Ishaan Verma,ST2862,80.4,85.0,80.7,84.8,64.7,4.8,45.9,7.7,81.8,Good
Aman Sinha,ST2863,67.1,69.7,74.3,61.1,66.9,6.1,68.1,8.7,91.1,Excellent
Ananya Sharma,ST2864,90.2,80.6,76.0,65.5,80.1,3.1,70.9,9.1,94.3,Excellent
Vikram Sinha,ST2865,86.9,55.6,68.9,68.1,49.3,3.9,58.2,6.6,70.8,Good
Aarav Gupta,ST2866,73.4,33.2,41.7,65.6,34.3,0.5,21.0,6.1,49.3,At Risk
Priya Saxena,ST2867,89.2,81.1,75.9,100.0,89.3,5.8,79.5,8.6,100.0,Excellent
Ananya Malhotra,ST2868,86.3,83.6,96.7,93.0,88.6,9.3,100.0,7.2,100.0,Excellent
Diya Saxena,ST2869,84.9,69.9,90.2,79.4,65.2,7.3,81.6,7.3,93.5,Excellent
Shivam Sinha,ST2870,45.0,25.0,39.2,39.6,25.0,0.5,35.1,7.1,47.7,At Risk
Deepak Saxena,ST2871,80.8,78.1,75.6,77.1,60.0,4.0,74.3,7.5,82.6,Good
Avni Pandey,ST2872,74.6,49.0,55.8,79.0,67.4,1.3,76.4,8.5,73.8,Good
Sachin Kumar,ST2873,67.4,48.6,53.0,49.3,56.2,4.9,49.0,7.7,67.7,Average
Nikhil Verma,ST2874,83.2,81.5,57.0,81.9,53.9,3.7,47.0,6.5,81.0,Good
Neha Sinha,ST2875,75.3,57.4,72.5,55.8,49.8,4.4,47.2,8.6,78.8,Good
Sneha Malhotra,ST2876,60.1,71.7,52.5,70.2,66.9,5.4,68.1,7.1,78.6,Good
Anjali Chauhan,ST2877,77.6,64.6,77.9,70.5,69.0,4.9,58.1,7.7,85.3,Excellent
Akash Bansal,ST2878,64.6,48.4,65.0,63.6,47.8,0.5,47.5,8.4,68.8,Average
Karan Sinha,ST2879,74.2,75.9,30.8,64.8,64.6,4.4,74.7,9.2,80.6,Good
Khushi Pandey,ST2880,64.4,58.8,70.9,64.9,62.3,2.6,41.1,7.7,72.0,Good
Karan Malhotra,ST2881,59.8,25.4,56.7,54.9,52.7,3.7,65.5,7.1,64.6,Average
Sameer Rana,ST2882,66.3,64.0,47.6,44.0,37.4,3.1,41.9,9.1,71.3,Good
Deepak Mishra,ST2883,71.4,65.3,52.5,73.3,62.7,5.3,50.5,8.1,74.0,Good
Amit Yadav,ST2884,95.3,79.4,75.7,90.1,95.8,5.1,83.4,7.3,98.6,Excellent
Kavya Patel,ST2885,70.3,72.9,53.0,77.3,54.9,1.9,79.6,7.6,65.6,Average
Sameer Gupta,ST2886,68.8,46.6,71.1,79.8,50.8,5.0,50.4,5.0,69.7,Average
Rahul Chauhan,ST2887,45.0,68.5,48.3,63.1,48.9,3.9,46.6,7.0,74.0,Good
Amit Sharma,ST2888,65.0,66.4,76.4,83.0,63.2,4.9,62.0,5.6,75.0,Good
Manish Gupta,ST2889,76.5,91.4,79.9,80.8,83.4,6.4,96.0,4.5,85.0,Excellent
Aditya Kapoor,ST2890,97.0,100.0,91.6,75.0,86.2,7.8,86.7,6.1,99.3,Excellent
Varun Kumar,ST2891,89.3,70.7,54.7,81.2,51.2,2.7,76.8,5.9,79.1,Good
Sameer Shah,ST2892,75.3,65.8,57.2,77.9,81.5,6.5,71.1,6.5,83.8,Good
Meera Mehta,ST2893,77.2,46.2,73.4,65.1,66.5,3.5,60.2,7.5,70.7,Good
Isha Chauhan,ST2894,77.1,58.8,60.9,66.1,65.0,3.8,57.5,7.7,81.3,Good
Nikhil Sinha,ST2895,82.6,61.8,77.6,80.0,74.6,4.6,99.2,6.9,89.1,Excellent
Riya Pandey,ST2896,77.0,58.8,81.3,64.1,61.0,0.5,97.7,6.3,68.2,Average
Riya Bansal,ST2897,75.6,94.7,63.8,72.5,58.1,5.3,55.5,6.8,82.6,Good
Avni Joshi,ST2898,73.5,66.0,64.9,61.5,48.9,2.8,54.8,6.2,79.4,Good
Arjun Agarwal,ST2899,72.6,51.2,72.0,57.4,77.2,3.9,61.4,8.5,76.7,Good
Kavya Verma,ST2900,87.3,61.7,66.2,57.4,67.3,3.0,39.8,7.1,66.8,Average
Ananya Gupta,ST2901,59.1,34.2,46.0,72.0,27.7,1.3,44.3,6.3,55.3,Average
Rahul Joshi,ST2902,82.5,83.7,83.6,75.6,64.3,4.5,98.7,6.0,90.2,Excellent
Amit Bansal,ST2903,90.6,94.6,95.2,100.0,99.3,6.1,89.0,6.9,100.0,Excellent
Pranav Pandey,ST2904,82.2,75.5,68.3,55.2,64.2,3.4,74.3,7.3,77.9,Good
Priya Rana,ST2905,66.1,66.4,70.3,71.7,65.0,4.2,90.1,6.9,81.9,Good
Deepak Mehta,ST2906,68.2,73.3,87.0,82.6,67.4,3.8,67.9,8.1,86.3,Excellent
Akash Agarwal,ST2907,91.1,71.8,86.6,94.8,77.6,8.2,85.5,5.7,97.6,Excellent
Sanya Singh,ST2908,64.4,57.3,61.6,62.2,45.5,2.8,69.1,8.3,71.8,Good
Karan Verma,ST2909,66.8,25.0,46.1,50.1,41.6,3.1,55.1,7.1,60.7,Average
Nisha Agarwal,ST2910,62.5,45.0,45.8,65.3,66.6,6.0,80.8,7.7,77.3,Good
Tanya Mishra,ST2911,84.9,73.5,80.5,70.1,84.8,6.2,83.0,6.2,95.1,Excellent
Varun Kapoor,ST2912,78.9,41.3,50.3,57.7,59.3,3.1,54.5,8.0,58.3,Average
Tanya Pandey,ST2913,74.7,67.7,54.7,55.9,68.9,4.0,68.5,6.3,67.9,Average
Priya Joshi,ST2914,57.5,61.4,64.3,73.6,85.7,4.4,87.5,8.7,83.7,Good
Meera Yadav,ST2915,63.1,80.0,53.4,79.3,61.7,5.9,91.4,6.8,83.3,Good
Manish Pandey,ST2916,80.4,50.2,75.5,62.6,65.6,4.5,74.5,6.6,73.6,Good
Shivam Kapoor,ST2917,70.7,68.8,68.0,62.0,60.0,5.0,59.0,5.8,74.4,Good
Aditya Verma,ST2918,85.4,73.6,66.7,72.6,55.9,4.6,85.0,7.2,80.0,Good
Neha Singh,ST2919,71.5,65.3,56.8,82.8,62.0,6.0,71.0,6.7,83.6,Good
Ananya Kapoor,ST2920,80.0,85.7,67.8,50.3,87.3,5.3,81.9,5.6,81.4,Good
Priya Agarwal,ST2921,46.9,57.6,65.6,68.4,68.9,3.5,69.8,6.4,71.3,Good
Aryan Sharma,ST2922,83.1,39.0,51.9,76.8,80.7,5.2,57.5,5.0,78.5,Good
Sakshi Saxena,ST2923,52.9,48.8,43.4,49.0,42.2,5.2,58.7,5.8,57.6,Average
Ananya Joshi,ST2924,67.7,63.7,47.3,63.5,52.3,3.0,65.4,7.1,63.1,Average
Shreya Verma,ST2925,71.0,69.7,81.5,78.1,97.4,7.0,88.5,7.1,90.6,Excellent
Riya Kumar,ST2926,50.8,42.3,51.2,60.4,57.7,1.8,55.8,7.1,56.1,Average
Aarav Sinha,ST2927,85.0,56.9,68.6,82.4,48.0,4.2,71.2,7.6,79.7,Good
Pranav Agarwal,ST2928,58.1,49.8,50.6,49.3,64.7,0.5,44.6,6.6,50.3,Average
Isha Sinha,ST2929,68.6,37.1,63.2,65.4,50.7,2.1,45.0,7.8,71.8,Good
Mohit Kumar,ST2930,62.0,31.5,43.5,64.1,25.2,1.9,43.9,7.3,48.6,At Risk
Sanya Shah,ST2931,60.4,50.2,71.3,77.2,83.8,5.8,78.9,6.7,75.1,Good
Rahul Sharma,ST2932,97.3,68.9,82.2,66.0,48.9,4.1,61.7,7.1,82.8,Good
Aman Mehta,ST2933,78.2,82.7,73.3,71.3,70.2,5.3,63.3,6.4,84.5,Good
Aryan Kumar,ST2934,72.4,84.3,70.4,66.0,71.8,3.1,59.0,5.7,83.9,Good
Manish Sharma,ST2935,68.0,67.2,44.6,60.1,70.3,4.0,67.9,6.1,70.7,Good
Avni Kumar,ST2936,63.8,63.5,82.4,84.8,92.2,7.9,84.7,5.2,88.9,Excellent
Aryan Shah,ST2937,87.4,58.1,61.6,53.8,80.7,3.5,51.9,7.0,79.2,Good
Sakshi Patel,ST2938,62.1,70.3,69.6,79.1,82.6,2.8,55.3,7.9,83.4,Good
Tanya Rana,ST2939,92.9,96.5,88.9,61.7,82.6,5.8,74.3,8.4,89.6,Excellent
Avni Bansal,ST2940,100.0,83.3,96.3,86.2,87.3,7.0,88.7,6.3,100.0,Excellent
Priya Bansal,ST2941,65.5,64.5,50.9,67.3,49.6,3.9,29.1,7.0,77.5,Good
Shivam Pandey,ST2942,84.5,69.3,86.4,64.0,88.0,5.3,87.9,8.9,90.7,Excellent
Mohit Kapoor,ST2943,100.0,100.0,100.0,100.0,98.7,8.9,100.0,6.1,100.0,Excellent
Isha Kumar,ST2944,70.7,81.2,73.6,75.4,79.8,2.9,69.8,6.6,86.3,Excellent
Riya Joshi,ST2945,77.6,50.2,59.0,74.0,60.8,5.2,78.4,6.9,79.9,Good
Priya Sinha,ST2946,72.4,69.2,70.3,66.4,58.9,5.0,73.5,6.6,74.8,Good
Rahul Rana,ST2947,63.3,87.1,92.7,70.2,85.7,6.3,80.0,6.2,91.0,Excellent
Meera Shah,ST2948,85.1,68.6,62.2,62.7,81.4,4.9,76.9,5.6,76.2,Good
Vikram Mehta,ST2949,73.8,37.2,59.4,57.9,31.5,2.9,54.3,8.8,60.5,Average
Nikhil Kapoor,ST2950,87.1,70.1,75.2,78.0,59.1,5.7,77.8,7.5,92.7,Excellent
Sakshi Pandey,ST2951,69.0,37.0,57.0,45.5,25.0,0.5,47.2,9.2,60.9,Average
Sameer Chauhan,ST2952,56.9,58.7,71.7,64.5,61.7,1.2,86.2,8.4,80.2,Good
Amit Mishra,ST2953,80.6,53.2,56.3,76.2,54.4,1.4,58.8,7.4,74.0,Good
Sanya Malhotra,ST2954,80.1,51.0,75.3,71.6,67.3,3.9,79.9,5.5,76.3,Good
Ayush Bansal,ST2955,72.8,47.9,44.4,58.3,60.2,4.2,46.6,6.2,61.7,Average
Akash Sharma,ST2956,66.3,75.9,73.0,70.2,66.0,7.3,65.7,6.4,91.2,Excellent
Ayush Saxena,ST2957,79.9,69.7,63.1,77.2,100.0,4.2,84.1,6.1,88.5,Excellent
Khushi Saxena,ST2958,57.3,47.1,54.0,70.0,65.2,3.5,54.6,5.4,68.7,Average
Avni Bansal,ST2959,62.9,42.1,48.6,61.8,50.7,1.1,37.4,6.6,59.8,Average
Tanya Sinha,ST2960,82.2,99.7,81.8,80.4,73.8,5.7,78.8,6.7,99.7,Excellent
Shreya Shah,ST2961,59.1,69.5,59.8,73.9,58.3,4.2,66.4,8.7,70.8,Good
Akash Agarwal,ST2962,53.7,61.5,56.9,49.6,59.3,2.8,83.4,6.6,62.0,Average
Tanya Sharma,ST2963,71.4,55.9,56.1,52.9,56.9,2.5,59.3,8.0,65.1,Average
Priya Chauhan,ST2964,99.5,100.0,87.0,83.1,89.8,6.8,79.8,5.8,100.0,Excellent
Arjun Sinha,ST2965,50.5,34.7,45.1,48.8,48.4,4.6,49.4,6.8,57.2,Average
Kavya Joshi,ST2966,92.6,100.0,96.7,89.0,100.0,7.1,100.0,6.7,100.0,Excellent
Ananya Mishra,ST2967,77.0,47.6,58.0,74.5,66.3,1.4,37.9,9.0,70.3,Good
Pooja Mehta,ST2968,93.5,77.6,52.0,72.6,65.0,7.0,70.1,4.5,94.1,Excellent
Rahul Sharma,ST2969,64.8,54.3,63.1,63.6,53.7,4.6,69.1,6.2,79.3,Good
Sneha Joshi,ST2970,60.9,59.2,66.3,62.4,62.8,1.7,63.4,7.6,70.4,Good
Khushi Verma,ST2971,69.8,50.8,72.6,59.3,49.3,4.0,54.3,7.5,65.8,Average
Tanya Malhotra,ST2972,86.7,80.5,82.8,73.2,70.9,6.7,60.8,5.6,92.3,Excellent
Shreya Bansal,ST2973,57.6,44.7,58.2,69.8,45.8,2.8,50.9,7.2,59.0,Average
Sneha Kapoor,ST2974,96.9,93.5,74.3,57.4,96.6,7.3,57.7,6.7,92.0,Excellent
Rahul Bansal,ST2975,61.3,52.2,25.0,61.8,29.0,2.6,49.9,8.8,57.6,Average
Sanya Mishra,ST2976,74.3,54.2,73.1,93.1,63.4,5.4,72.0,7.2,81.2,Good
Diya Kumar,ST2977,69.2,78.1,78.3,89.0,72.6,6.0,96.1,6.7,93.1,Excellent
Neha Mehta,ST2978,74.1,56.5,62.0,49.6,48.2,3.1,29.3,6.5,66.5,Average
Nisha Kumar,ST2979,92.5,68.8,80.8,71.7,86.1,6.9,72.1,7.4,89.5,Excellent
Rahul Kapoor,ST2980,72.8,79.0,66.3,79.8,66.1,4.3,77.4,6.8,81.5,Good
Aarav Singh,ST2981,94.1,97.8,100.0,82.1,73.9,8.2,100.0,6.1,98.9,Excellent
Ishaan Patel,ST2982,65.1,53.0,65.2,57.7,72.0,3.9,67.0,6.1,73.8,Good
Aarav Patel,ST2983,100.0,100.0,100.0,94.4,100.0,8.3,90.4,6.3,100.0,Excellent
Tanya Saxena,ST2984,45.0,25.0,42.9,38.4,43.5,0.9,33.5,8.2,46.9,At Risk
Riya Gupta,ST2985,61.2,75.6,63.7,65.9,70.6,3.6,37.2,6.7,70.5,Good
Avni Bansal,ST2986,65.3,52.7,46.8,43.9,35.3,2.8,48.2,7.3,62.8,Average
Anjali Singh,ST2987,100.0,77.1,67.5,93.2,90.1,8.6,100.0,6.0,97.8,Excellent
Meera Sinha,ST2988,68.0,64.4,54.7,60.0,73.1,5.0,64.9,7.2,73.0,Good
Shivam Kumar,ST2989,66.5,40.5,59.5,68.9,59.5,3.1,72.9,7.3,71.3,Good
Amit Sharma,ST2990,89.8,62.4,76.8,70.0,76.4,2.4,79.9,6.5,82.9,Good
Aman Yadav,ST2991,68.5,77.0,50.4,73.4,73.4,5.8,64.1,7.7,77.7,Good
Priya Agarwal,ST2992,69.6,57.1,54.7,72.1,46.3,8.3,31.7,5.1,76.2,Good
Nikhil Pandey,ST2993,61.8,47.9,45.4,61.3,42.6,2.4,69.0,8.4,75.7,Good
Nisha Shah,ST2994,63.5,67.7,70.2,65.2,47.2,3.9,75.2,7.5,73.3,Good
Sakshi Gupta,ST2995,80.5,69.1,76.1,68.3,74.8,6.4,57.5,7.4,81.4,Good
Shreya Chauhan,ST2996,82.8,84.9,68.9,97.5,95.2,3.9,80.8,5.5,90.0,Excellent
Varun Saxena,ST2997,97.4,83.1,84.2,95.8,84.0,9.5,93.4,6.4,99.7,Excellent
Sameer Rana,ST2998,54.7,41.4,34.1,48.7,40.0,2.4,57.6,8.8,56.9,Average
Mohit Joshi,ST2999,93.5,51.5,62.3,64.2,77.3,4.4,72.9,6.9,78.3,Good
Ananya Sinha,ST3000,97.4,88.6,80.8,67.8,85.0,4.7,88.0,7.2,97.9,Excellent
Shivam Mehta,ST3001,74.1,59.8,78.7,79.0,56.8,5.8,68.9,5.8,72.7,Good
Neha Joshi,ST3002,52.8,34.2,28.8,42.6,55.2,0.7,30.7,6.1,39.8,At Risk
Amit Agarwal,ST3003,78.0,44.2,69.0,67.9,54.5,4.0,60.6,7.3,75.4,Good
Nikhil Rana,ST3004,86.1,66.7,58.6,80.4,69.6,5.6,71.6,6.2,85.8,Excellent
Deepak Saxena,ST3005,66.9,57.7,80.1,84.8,70.0,7.1,60.1,6.2,74.3,Good
Akash Joshi,ST3006,90.3,77.4,70.3,82.9,82.0,5.6,68.2,7.0,97.7,Excellent
Riya Kapoor,ST3007,78.4,60.9,48.5,61.1,52.5,8.8,45.0,7.2,83.8,Good
Sneha Shah,ST3008,92.2,53.7,83.3,72.5,86.8,5.8,83.8,7.4,87.8,Excellent
Sakshi Chauhan,ST3009,61.9,46.1,56.5,61.7,69.2,3.5,80.4,7.3,71.6,Good
Nikhil Shah,ST3010,73.3,68.7,70.6,69.9,71.2,4.2,85.0,8.0,74.7,Good
Kavya Malhotra,ST3011,67.1,59.1,64.9,55.9,69.3,6.1,73.2,7.9,83.4,Good
Mohit Verma,ST3012,69.6,51.9,51.3,43.2,49.7,2.8,57.4,7.1,60.3,Average
Sneha Patel,ST3013,97.2,100.0,83.9,90.9,80.3,5.2,83.2,8.6,100.0,Excellent
Khushi Sharma,ST3014,53.3,31.6,25.0,53.0,36.2,1.5,35.7,6.3,46.4,At Risk
Rohan Rana,ST3015,72.3,37.7,46.8,77.4,64.3,4.0,89.7,5.6,75.6,Good
Sakshi Agarwal,ST3016,48.1,47.5,60.8,59.0,58.5,7.2,45.5,8.1,75.1,Good
Ishaan Agarwal,ST3017,100.0,85.2,100.0,86.5,74.1,7.4,79.8,6.0,99.3,Excellent
Shreya Verma,ST3018,66.9,67.4,87.8,83.8,82.1,4.2,72.8,4.5,78.8,Good
Aryan Agarwal,ST3019,71.9,59.5,49.6,78.2,51.5,5.5,58.9,6.6,75.5,Good
Rahul Mishra,ST3020,74.3,50.1,65.6,64.6,68.8,4.5,71.9,8.3,78.1,Good
Ishaan Mehta,ST3021,94.0,76.3,67.4,77.8,98.4,9.1,82.3,6.2,98.1,Excellent
Manish Kapoor,ST3022,66.2,45.3,52.1,72.4,69.7,6.5,32.8,5.0,70.3,Good
Rahul Malhotra,ST3023,48.2,34.9,54.1,51.5,57.8,0.5,44.0,7.3,53.2,Average
Aryan Kapoor,ST3024,75.0,92.1,70.3,68.3,88.1,0.8,69.5,7.3,74.4,Good
Sameer Sharma,ST3025,86.9,86.2,67.4,69.2,79.9,8.3,68.8,6.3,93.2,Excellent
Manish Singh,ST3026,93.0,55.3,74.9,69.5,77.7,4.2,72.9,6.4,82.5,Good
Avni Malhotra,ST3027,77.9,52.5,87.9,83.0,71.3,2.5,71.9,6.6,79.9,Good
Aarav Bansal,ST3028,78.7,87.1,85.8,73.9,88.1,5.9,73.4,7.6,90.3,Excellent
Sanya Sinha,ST3029,50.8,63.7,47.1,55.5,63.7,0.6,64.9,6.9,58.3,Average
Diya Sharma,ST3030,79.6,56.7,67.8,61.4,51.6,1.6,70.4,7.6,78.9,Good
Sanya Saxena,ST3031,75.1,73.2,72.7,70.6,75.9,6.8,92.7,6.9,86.5,Excellent
Diya Saxena,ST3032,63.1,45.6,37.4,74.3,69.5,2.5,40.5,6.7,65.5,Average
Riya Mehta,ST3033,73.2,57.9,63.2,65.0,48.2,0.5,55.4,6.8,61.5,Average
Nisha Rana,ST3034,88.9,91.2,99.5,82.7,82.4,7.0,85.3,6.8,93.2,Excellent
Anjali Shah,ST3035,57.3,63.0,25.4,54.5,59.9,0.9,42.8,5.8,55.2,Average
Amit Rana,ST3036,78.6,41.9,61.5,74.9,55.5,3.6,52.6,9.2,77.3,Good
Akash Mehta,ST3037,89.8,68.9,66.1,70.2,71.3,4.1,98.1,6.5,83.1,Good
Varun Sharma,ST3038,82.3,75.8,96.4,94.4,86.0,7.6,80.7,6.3,90.1,Excellent
Kavya Mishra,ST3039,68.8,45.3,44.4,58.3,48.7,1.2,34.5,8.2,49.9,At Risk
Pooja Singh,ST3040,76.6,73.2,73.6,76.0,48.8,6.2,74.6,6.7,89.1,Excellent
Isha Mishra,ST3041,58.1,59.0,58.3,64.2,65.1,0.6,66.5,7.1,65.7,Average
Sakshi Saxena,ST3042,83.5,83.9,69.9,100.0,74.9,6.8,73.8,5.4,94.9,Excellent
Pooja Joshi,ST3043,55.5,68.5,69.1,52.7,63.3,5.5,60.0,7.0,76.8,Good
Aarav Saxena,ST3044,95.0,100.0,77.9,74.3,91.9,6.2,98.9,6.3,94.9,Excellent
Anjali Chauhan,ST3045,94.3,53.5,51.3,59.7,60.3,1.9,45.7,9.4,72.2,Good
Riya Sinha,ST3046,60.3,27.0,37.4,60.5,34.5,0.5,40.6,7.3,42.5,At Risk
Manish Verma,ST3047,66.2,41.3,44.2,40.7,54.7,3.4,50.9,4.9,62.2,Average
Isha Singh,ST3048,81.9,66.4,81.5,50.5,64.3,6.2,55.6,7.8,85.5,Excellent
Ayush Chauhan,ST3049,77.4,88.3,80.0,76.1,82.7,5.2,100.0,6.0,95.1,Excellent
Rohan Malhotra,ST3050,55.5,33.8,60.1,77.8,48.7,4.8,51.8,7.1,72.8,Good
Khushi Sinha,ST3051,61.9,61.5,42.6,59.1,62.6,0.9,40.4,8.9,62.9,Average
Aditya Malhotra,ST3052,85.4,76.4,85.6,68.2,76.2,5.2,78.2,6.7,85.8,Excellent
Neha Patel,ST3053,49.6,33.3,58.5,65.0,41.7,2.6,37.0,7.1,57.1,Average
Deepak Kapoor,ST3054,70.5,53.3,74.3,83.3,71.8,4.6,63.2,8.0,87.2,Excellent
Vikram Kumar,ST3055,72.1,52.6,84.1,62.8,84.9,3.7,58.0,8.6,74.3,Good
Isha Pandey,ST3056,91.1,57.6,64.0,76.0,58.9,6.9,76.7,6.6,85.1,Excellent
Khushi Verma,ST3057,55.9,61.5,56.1,64.7,57.7,5.7,82.2,8.9,82.1,Good
Diya Shah,ST3058,53.3,62.5,47.4,66.8,67.5,3.0,54.8,5.5,66.7,Average
Isha Pandey,ST3059,79.9,88.0,70.1,68.9,77.7,4.1,64.3,6.2,88.8,Excellent
Riya Agarwal,ST3060,76.4,45.7,62.9,67.6,63.5,2.3,58.3,6.8,62.7,Average
Riya Singh,ST3061,66.4,51.1,56.8,65.3,52.0,4.5,69.6,8.1,78.0,Good
Manish Singh,ST3062,90.0,73.8,98.1,87.5,56.2,5.0,88.9,7.2,89.8,Excellent
Ishaan Malhotra,ST3063,77.3,71.6,77.8,59.8,76.4,2.7,72.2,6.6,69.8,Average
Aman Pandey,ST3064,98.8,71.7,88.2,73.0,92.9,4.6,64.4,5.9,89.1,Excellent
Ayush Mishra,ST3065,90.3,62.8,65.5,70.9,88.7,6.7,76.8,5.3,83.2,Good
Sakshi Mishra,ST3066,60.0,57.3,60.4,61.0,45.3,0.5,62.1,8.1,63.2,Average
Aditya Rana,ST3067,67.4,49.9,66.6,75.9,86.0,3.9,80.6,6.7,71.6,Good
Aryan Verma,ST3068,56.4,58.6,63.7,51.4,52.7,3.4,71.5,8.2,69.8,Average
Isha Saxena,ST3069,66.4,36.1,42.9,58.1,43.4,0.5,40.1,6.1,50.1,Average
Pooja Kumar,ST3070,56.6,38.0,73.6,74.5,55.4,4.2,57.8,7.5,79.7,Good
Arjun Joshi,ST3071,99.9,49.8,82.6,84.8,90.2,5.2,78.3,6.9,91.8,Excellent
Sneha Saxena,ST3072,73.6,84.7,80.2,68.3,60.3,1.6,79.8,6.8,80.1,Good
Varun Pandey,ST3073,63.9,26.0,54.2,54.2,57.6,3.0,48.2,6.7,59.2,Average
Kavya Singh,ST3074,76.5,58.0,52.0,54.0,54.1,4.5,68.5,7.2,78.5,Good
Sneha Sinha,ST3075,67.4,67.0,61.6,84.4,65.8,4.6,61.7,7.0,81.2,Good
Riya Mehta,ST3076,54.0,28.6,33.9,59.1,32.5,3.2,39.3,6.3,58.4,Average
Rahul Joshi,ST3077,83.3,68.2,77.4,61.9,84.4,5.9,89.9,7.4,94.7,Excellent
Rahul Patel,ST3078,65.0,67.3,49.6,79.0,63.8,5.4,69.0,8.2,78.0,Good
Riya Rana,ST3079,51.5,50.1,53.3,63.4,56.9,1.1,60.3,7.2,64.7,Average
Karan Singh,ST3080,51.7,41.1,25.0,67.7,48.8,0.5,48.2,8.1,57.6,Average
Mohit Kumar,ST3081,96.9,81.9,88.3,74.9,86.5,4.0,90.9,7.0,98.5,Excellent
Sneha Agarwal,ST3082,74.8,58.9,51.4,62.8,63.0,2.6,50.7,9.5,75.2,Good
Deepak Agarwal,ST3083,79.8,69.8,71.7,73.4,89.7,9.5,71.4,6.5,88.5,Excellent
Diya Mishra,ST3084,98.6,98.6,99.6,100.0,92.2,5.2,98.2,7.7,100.0,Excellent
Karan Malhotra,ST3085,78.6,80.6,82.5,74.7,82.2,4.9,79.4,8.2,92.4,Excellent
Vikram Malhotra,ST3086,52.1,37.8,69.1,56.6,52.6,3.4,58.6,6.6,63.9,Average
Aditya Yadav,ST3087,56.3,38.3,27.0,41.7,33.7,0.6,27.0,8.2,53.0,Average
Avni Yadav,ST3088,92.9,62.3,80.4,69.9,64.0,8.0,81.4,7.5,89.8,Excellent
Ayush Kapoor,ST3089,100.0,89.0,90.7,100.0,100.0,4.3,100.0,7.5,100.0,Excellent
Karan Rana,ST3090,57.7,64.6,67.8,72.2,75.4,8.2,74.9,7.4,85.8,Excellent
Pranav Verma,ST3091,54.9,30.4,58.0,63.2,44.5,2.2,38.7,6.7,59.8,Average
Deepak Sinha,ST3092,65.8,76.1,47.3,66.5,54.3,5.3,76.5,9.1,88.3,Excellent
Pranav Bansal,ST3093,76.6,46.2,73.9,66.7,57.9,4.3,70.1,4.7,74.8,Good
Sakshi Rana,ST3094,56.4,51.3,57.7,50.7,56.0,4.5,49.6,6.2,68.0,Average
Tanya Kapoor,ST3095,46.4,35.9,34.1,61.3,55.7,0.5,52.5,6.2,46.4,At Risk
Akash Patel,ST3096,61.2,64.2,54.9,78.0,66.9,2.1,64.7,9.1,67.4,Average
Akash Sharma,ST3097,69.1,52.7,55.3,72.7,70.6,7.9,41.3,6.5,79.7,Good
Rohan Shah,ST3098,80.3,83.9,80.1,94.3,92.0,10.0,85.5,5.5,100.0,Excellent
Sakshi Chauhan,ST3099,79.9,57.5,80.1,64.5,74.8,2.8,75.6,6.7,80.7,Good
Diya Kumar,ST3100,72.9,62.1,73.6,76.6,68.9,6.3,65.0,5.3,78.5,Good
Anjali Agarwal,ST3101,45.5,76.2,58.8,78.7,64.6,6.3,44.1,7.5,84.0,Good
Varun Kapoor,ST3102,83.1,61.4,53.7,79.3,60.8,5.7,86.8,7.6,78.2,Good
Isha Kumar,ST3103,62.9,67.0,42.5,56.5,51.2,2.0,84.1,7.7,66.9,Average
Sakshi Patel,ST3104,76.8,58.8,66.9,78.4,53.1,6.6,49.8,6.1,76.9,Good
Nisha Pandey,ST3105,67.1,49.8,81.2,84.6,84.7,7.1,73.5,8.3,94.3,Excellent
Sneha Pandey,ST3106,71.2,77.4,67.7,83.8,60.7,3.2,54.3,8.0,78.9,Good
Deepak Sharma,ST3107,72.2,59.2,79.2,68.2,67.8,3.3,53.4,5.5,71.3,Good
Rahul Malhotra,ST3108,85.0,56.0,68.7,71.0,75.5,3.3,55.5,7.0,78.3,Good
Aarav Gupta,ST3109,66.9,85.9,65.0,83.3,75.4,5.0,58.4,5.8,79.0,Good
Neha Patel,ST3110,98.8,86.1,94.9,94.5,95.8,6.9,91.9,8.2,100.0,Excellent
Mohit Singh,ST3111,71.5,61.4,73.2,74.6,67.6,6.0,51.0,6.4,79.7,Good
Isha Gupta,ST3112,47.7,55.3,48.4,52.8,93.3,4.4,37.6,5.7,79.5,Good
Ananya Chauhan,ST3113,67.1,76.1,57.6,78.1,71.3,5.0,69.1,6.9,79.0,Good
Vikram Mehta,ST3114,85.7,74.1,88.8,68.3,76.3,5.9,67.9,8.5,92.4,Excellent
Vikram Shah,ST3115,68.6,78.4,74.6,86.0,87.4,7.6,84.2,7.6,96.0,Excellent
Tanya Bansal,ST3116,64.6,36.3,33.1,45.6,43.4,2.0,44.5,6.8,55.0,Average
Aditya Malhotra,ST3117,80.1,80.7,72.0,64.7,65.5,0.8,68.8,7.3,81.5,Good
Ayush Sharma,ST3118,63.7,54.7,65.2,64.6,65.2,6.9,66.6,7.8,88.8,Excellent
Tanya Saxena,ST3119,54.6,55.2,58.3,70.1,70.1,2.2,54.6,8.7,66.8,Average
Priya Pandey,ST3120,69.5,72.2,82.5,79.6,90.1,6.8,86.7,5.2,91.9,Excellent
Deepak Mishra,ST3121,78.9,86.0,65.5,72.0,62.7,4.9,71.9,7.2,84.1,Good
Sachin Agarwal,ST3122,58.1,53.3,65.1,73.9,58.6,6.0,50.0,6.5,75.4,Good
Akash Shah,ST3123,70.4,74.3,55.6,69.8,69.4,2.7,53.2,6.8,78.7,Good
Priya Singh,ST3124,77.8,52.8,63.6,66.9,68.8,2.6,41.7,8.6,81.2,Good
Sachin Kapoor,ST3125,100.0,100.0,100.0,94.6,100.0,7.4,87.8,5.4,100.0,Excellent
Karan Shah,ST3126,75.1,70.9,71.3,66.0,62.8,5.8,50.1,7.7,83.7,Good
Shivam Pandey,ST3127,63.9,43.6,44.6,72.6,63.1,3.8,46.0,4.9,67.8,Average
Ayush Sinha,ST3128,97.3,81.2,70.9,76.1,87.1,7.2,93.7,6.0,92.7,Excellent
Ayush Saxena,ST3129,100.0,58.6,99.2,97.5,87.5,6.5,84.2,6.9,96.0,Excellent
Shivam Patel,ST3130,96.7,80.1,80.8,78.7,78.5,8.4,84.8,5.3,98.0,Excellent
Sachin Chauhan,ST3131,97.1,74.8,99.7,91.7,83.7,8.8,84.8,8.7,100.0,Excellent
Nisha Bansal,ST3132,84.1,96.2,76.7,77.0,94.6,8.0,75.5,5.9,97.3,Excellent
Sakshi Kumar,ST3133,84.4,43.2,52.8,65.8,73.7,4.6,64.2,6.2,73.3,Good
Sakshi Kapoor,ST3134,77.3,90.8,59.2,74.3,64.9,4.8,52.2,6.3,72.8,Good
Shivam Singh,ST3135,85.8,66.9,80.5,74.5,64.0,7.1,70.1,7.3,100.0,Excellent
Karan Gupta,ST3136,67.2,54.0,97.1,71.2,85.4,6.0,59.2,7.8,86.0,Excellent
Mohit Agarwal,ST3137,75.4,90.0,78.7,71.6,83.3,7.0,86.4,6.3,81.5,Good
Manish Kumar,ST3138,69.0,57.9,63.1,59.5,66.8,2.1,67.6,7.7,72.6,Good
Riya Sinha,ST3139,79.6,62.1,62.3,67.7,71.7,2.9,62.6,7.6,79.2,Good
Aditya Agarwal,ST3140,96.2,74.7,58.6,73.9,73.8,6.4,91.7,5.4,87.4,Excellent
Pooja Pandey,ST3141,70.6,58.4,45.2,79.2,38.0,4.2,54.7,7.0,65.2,Average
Manish Mishra,ST3142,52.1,56.7,41.9,54.1,52.6,1.0,43.0,6.8,61.0,Average
Sanya Gupta,ST3143,69.9,54.4,51.9,77.8,65.8,3.5,60.2,5.6,73.8,Good
Amit Sinha,ST3144,69.6,53.6,68.8,65.9,75.6,2.4,49.0,7.5,75.0,Good
Mohit Yadav,ST3145,91.1,82.0,70.8,72.6,62.6,5.6,50.7,7.9,84.5,Good
Aman Rana,ST3146,65.5,69.4,66.3,69.5,37.3,4.7,66.9,7.1,71.9,Good
Meera Patel,ST3147,68.2,77.1,69.3,73.7,79.8,6.4,90.2,4.5,83.2,Good
Pooja Chauhan,ST3148,68.0,71.5,60.0,67.3,74.9,4.4,65.1,6.6,76.2,Good
Ayush Mishra,ST3149,74.6,92.4,66.4,57.0,55.0,4.3,80.8,6.2,83.4,Good
Khushi Bansal,ST3150,64.1,60.5,55.7,63.1,65.7,4.3,54.2,8.9,73.6,Good
Nikhil Mishra,ST3151,97.6,77.7,68.1,70.5,92.4,8.7,84.5,6.2,93.7,Excellent
Mohit Yadav,ST3152,78.1,46.0,48.6,67.7,47.9,3.9,48.4,5.5,67.5,Average
Amit Joshi,ST3153,87.0,78.9,68.7,77.6,77.2,8.2,100.0,6.6,100.0,Excellent
Pooja Joshi,ST3154,77.8,63.8,48.5,77.4,53.4,3.9,66.8,7.8,72.3,Good
Avni Sinha,ST3155,56.1,29.9,56.4,61.1,46.2,3.9,64.3,7.2,59.8,Average
Aarav Mehta,ST3156,72.6,76.1,66.2,76.7,46.5,5.8,58.0,6.1,78.6,Good
Aman Sharma,ST3157,100.0,99.7,100.0,93.3,100.0,7.6,93.3,6.2,100.0,Excellent
Isha Malhotra,ST3158,83.7,91.6,89.5,67.9,94.3,6.7,94.7,7.6,100.0,Excellent
Deepak Bansal,ST3159,85.3,44.7,67.0,72.3,75.5,4.9,75.5,7.1,80.3,Good
Kavya Chauhan,ST3160,73.7,71.1,83.4,86.7,84.8,6.1,90.3,8.9,93.6,Excellent
Ishaan Bansal,ST3161,78.9,40.8,49.7,82.1,44.0,4.9,58.0,7.1,80.9,Good
Meera Bansal,ST3162,82.8,84.1,73.7,77.5,70.5,2.5,98.4,5.8,88.9,Excellent
Sameer Mishra,ST3163,82.5,83.5,68.6,58.2,62.2,2.7,82.2,7.1,88.1,Excellent
Isha Yadav,ST3164,86.1,62.7,90.8,77.5,93.8,5.7,87.8,6.3,95.9,Excellent
Vikram Pandey,ST3165,63.9,73.1,61.8,55.6,39.7,3.1,66.9,5.7,67.4,Average
Rohan Patel,ST3166,81.9,71.8,65.7,65.4,60.4,3.7,63.7,7.3,80.8,Good
Akash Shah,ST3167,52.9,53.4,57.0,57.0,60.3,5.9,40.4,6.5,76.8,Good
Diya Verma,ST3168,77.7,73.3,54.4,70.0,72.1,6.7,63.9,6.9,86.3,Excellent
Sneha Rana,ST3169,87.1,74.5,79.0,63.0,79.3,3.9,64.8,9.0,80.2,Good
Tanya Verma,ST3170,61.8,58.9,40.2,48.6,47.6,4.4,56.4,6.9,71.6,Good
Shreya Mishra,ST3171,90.1,58.9,63.7,74.9,45.2,5.0,63.7,8.0,87.1,Excellent
Arjun Yadav,ST3172,74.9,81.2,72.2,76.5,81.8,5.4,69.0,6.8,93.1,Excellent
Vikram Mishra,ST3173,73.6,80.5,85.1,68.5,87.8,4.2,75.8,7.5,82.6,Good
Neha Pandey,ST3174,90.5,82.4,83.7,85.2,98.2,3.8,83.5,7.3,96.6,Excellent
Arjun Malhotra,ST3175,77.7,72.5,71.4,79.4,69.9,5.9,86.7,7.2,92.8,Excellent
Pranav Rana,ST3176,88.8,37.5,43.2,39.7,59.7,3.2,68.7,7.1,66.5,Average
Meera Pandey,ST3177,58.2,37.1,51.8,76.7,81.3,4.3,42.3,8.5,73.4,Good
Karan Chauhan,ST3178,90.4,86.6,67.6,92.2,70.6,9.5,88.5,7.1,100.0,Excellent
Anjali Saxena,ST3179,70.1,84.1,59.8,80.1,74.4,4.3,66.4,7.2,79.3,Good
Priya Joshi,ST3180,91.2,74.7,74.5,76.5,100.0,6.4,81.2,7.7,98.9,Excellent
Shivam Sinha,ST3181,78.3,73.4,73.1,81.6,76.1,8.2,99.8,6.7,90.3,Excellent
Meera Gupta,ST3182,74.7,66.9,99.6,84.9,77.7,5.5,70.7,8.1,91.8,Excellent
Kavya Kapoor,ST3183,88.6,67.8,85.9,72.6,64.4,4.4,73.8,5.9,81.4,Good
Sachin Malhotra,ST3184,60.8,54.6,29.9,66.0,68.0,4.2,74.4,9.2,76.3,Good
Isha Chauhan,ST3185,90.2,77.3,55.5,71.5,82.4,4.5,83.3,7.2,89.8,Excellent
Meera Mehta,ST3186,56.8,40.3,39.2,53.3,66.0,1.5,47.8,6.3,59.1,Average
Deepak Rana,ST3187,88.9,76.6,46.0,65.7,64.4,4.3,73.7,7.8,82.6,Good
Kavya Agarwal,ST3188,83.9,78.0,71.9,77.3,72.5,6.7,72.8,8.1,94.3,Excellent
Rohan Sinha,ST3189,76.2,49.0,57.0,58.0,55.6,1.2,53.6,6.4,72.8,Good
Ayush Verma,ST3190,81.6,76.1,60.8,67.9,91.7,3.2,65.0,6.7,87.8,Excellent
Anjali Yadav,ST3191,53.0,67.9,46.8,60.1,47.4,2.4,20.8,8.3,58.6,Average
Sanya Pandey,ST3192,84.1,88.2,82.9,85.3,96.5,4.1,64.6,7.7,91.5,Excellent
Tanya Agarwal,ST3193,55.9,48.7,66.0,65.3,58.6,1.5,46.8,7.0,62.7,Average
Sakshi Pandey,ST3194,63.7,51.4,56.2,46.2,47.1,3.2,60.7,7.0,63.4,Average
Isha Gupta,ST3195,62.2,47.8,53.1,51.8,30.0,4.5,52.6,5.8,57.6,Average
Meera Singh,ST3196,69.6,64.8,59.7,57.2,66.8,5.1,74.1,6.0,78.5,Good
Sneha Malhotra,ST3197,67.9,42.8,34.0,68.4,52.8,1.8,30.7,5.7,56.1,Average
Arjun Malhotra,ST3198,68.2,78.7,52.5,66.1,49.9,6.0,82.9,6.5,80.0,Good
Nikhil Malhotra,ST3199,68.9,76.8,67.0,77.4,96.0,8.9,100.0,7.2,89.4,Excellent
Ayush Chauhan,ST3200,100.0,43.5,79.7,63.3,51.9,5.1,66.2,6.7,72.8,Good
Arjun Agarwal,ST3201,57.0,52.1,38.2,58.3,61.0,2.3,45.6,8.4,60.9,Average
Varun Rana,ST3202,86.0,63.1,79.2,78.8,78.3,7.5,63.1,6.1,92.2,Excellent
Shreya Shah,ST3203,62.8,50.2,54.1,54.8,80.4,7.3,72.0,5.2,77.6,Good
Sakshi Kumar,ST3204,96.8,82.7,98.2,89.7,71.8,7.5,100.0,7.9,100.0,Excellent
Sneha Kumar,ST3205,75.8,71.3,86.2,72.6,88.2,7.6,76.3,7.1,90.8,Excellent
Sachin Bansal,ST3206,52.7,81.5,82.2,76.6,70.2,3.6,52.7,8.4,84.4,Good
Tanya Verma,ST3207,81.5,60.5,67.4,85.3,75.5,2.2,100.0,7.0,88.3,Excellent
Sachin Mishra,ST3208,73.2,67.1,67.0,62.5,74.6,2.7,61.6,8.9,82.9,Good
Rahul Chauhan,ST3209,72.3,88.4,60.1,57.0,76.7,4.8,84.5,6.0,76.5,Good
Sakshi Gupta,ST3210,93.8,84.6,78.0,82.2,68.0,6.5,95.4,6.5,100.0,Excellent
Tanya Agarwal,ST3211,56.2,41.5,47.8,66.9,35.5,4.0,46.6,7.5,63.5,Average
Vikram Chauhan,ST3212,85.3,85.5,86.8,86.2,91.6,3.2,91.2,6.7,95.0,Excellent
Nisha Singh,ST3213,75.4,69.3,59.7,65.6,71.4,1.9,57.9,7.6,85.6,Excellent
Nikhil Rana,ST3214,71.8,76.8,66.8,61.7,66.3,5.4,61.0,8.2,84.1,Good
Aarav Agarwal,ST3215,67.9,56.0,51.3,60.0,51.5,1.3,55.0,7.8,67.8,Average
Sanya Joshi,ST3216,68.5,74.7,58.4,59.7,74.2,4.2,67.4,6.9,78.3,Good
Neha Shah,ST3217,79.9,72.3,63.2,76.7,79.7,4.5,74.1,8.3,85.2,Excellent
Pooja Saxena,ST3218,68.3,55.9,59.4,75.0,86.2,2.9,69.5,7.8,78.7,Good
Khushi Sinha,ST3219,64.7,54.6,65.2,60.2,56.0,4.6,40.9,7.0,68.6,Average
Deepak Malhotra,ST3220,60.6,40.1,31.6,48.3,53.9,0.5,38.7,7.5,53.6,Average
Kavya Kapoor,ST3221,69.7,42.0,79.9,57.2,77.9,6.7,55.0,6.4,77.2,Good
Isha Kapoor,ST3222,63.6,54.1,42.9,61.3,47.4,3.3,68.9,8.1,58.0,Average
Varun Shah,ST3223,87.8,83.4,71.1,64.7,87.8,4.4,53.0,8.0,85.9,Excellent
Kavya Joshi,ST3224,83.9,100.0,87.7,86.3,93.6,10.0,100.0,7.7,100.0,Excellent
Vikram Pandey,ST3225,59.6,50.6,53.1,71.5,61.4,1.4,47.1,7.9,67.3,Average
Pranav Bansal,ST3226,70.8,51.5,53.0,66.9,50.3,1.4,58.7,6.9,63.5,Average
Diya Saxena,ST3227,83.6,66.4,65.1,56.0,55.8,6.0,72.8,7.2,81.8,Good
Aryan Yadav,ST3228,71.3,71.9,77.1,72.7,62.4,2.1,55.1,6.8,71.7,Good
Tanya Sinha,ST3229,84.6,81.5,71.9,81.1,65.5,6.1,78.0,7.0,87.0,Excellent
Anjali Singh,ST3230,71.6,80.3,79.1,68.1,81.2,4.4,74.5,8.5,88.2,Excellent
Khushi Saxena,ST3231,74.9,78.1,63.6,78.7,89.1,2.8,66.2,8.4,83.5,Good
Varun Kumar,ST3232,94.9,75.8,76.8,89.6,69.2,6.7,64.9,7.7,90.9,Excellent
Pooja Malhotra,ST3233,75.5,48.2,67.6,65.3,57.7,5.1,56.2,7.0,74.6,Good
Diya Shah,ST3234,100.0,99.3,68.8,70.3,95.2,7.2,82.9,7.6,96.9,Excellent
Kavya Rana,ST3235,81.2,57.9,63.6,44.2,52.6,7.6,61.3,6.1,84.5,Good
Sneha Patel,ST3236,57.3,48.3,66.6,73.8,71.8,3.3,64.2,5.7,73.9,Good
Manish Shah,ST3237,77.2,75.8,95.2,82.6,80.9,7.7,88.6,7.0,87.9,Excellent
Pranav Chauhan,ST3238,83.1,81.7,75.5,76.8,58.4,5.8,84.5,6.5,92.0,Excellent
Sachin Kumar,ST3239,45.0,25.0,44.9,54.2,45.8,3.2,22.8,9.0,53.6,Average
Varun Malhotra,ST3240,65.6,53.7,64.4,56.7,62.5,3.7,65.1,8.8,71.7,Good
Pooja Shah,ST3241,96.5,77.7,83.7,70.5,88.6,3.3,66.9,6.5,91.7,Excellent
Sakshi Patel,ST3242,56.7,63.0,56.5,61.7,49.9,1.6,38.9,8.1,63.8,Average
Tanya Singh,ST3243,88.9,85.8,62.9,83.4,69.9,5.4,58.2,5.0,83.0,Good
Rahul Singh,ST3244,78.6,86.6,74.8,71.2,72.3,6.2,53.0,7.2,82.4,Good
Sanya Saxena,ST3245,80.7,82.7,93.0,67.8,94.6,6.1,76.0,7.2,99.7,Excellent
Neha Patel,ST3246,53.1,53.7,68.5,66.8,78.1,4.0,64.4,6.1,77.0,Good
Arjun Malhotra,ST3247,87.1,87.2,79.2,79.4,85.9,8.7,84.6,6.7,100.0,Excellent
Ananya Chauhan,ST3248,89.7,57.2,72.1,61.9,64.0,4.7,57.3,6.1,72.9,Good
Sakshi Singh,ST3249,86.8,77.2,97.3,68.0,89.5,5.9,75.3,7.7,97.5,Excellent
Avni Singh,ST3250,100.0,88.5,89.0,100.0,100.0,8.9,100.0,6.7,100.0,Excellent
Deepak Rana,ST3251,76.7,97.0,90.2,78.3,85.0,3.6,81.3,8.7,94.8,Excellent
Sachin Gupta,ST3252,73.8,62.1,53.1,76.0,71.2,2.2,84.4,5.8,77.1,Good
Pooja Joshi,ST3253,100.0,100.0,100.0,92.2,86.2,7.3,82.5,5.9,100.0,Excellent
Sachin Pandey,ST3254,87.7,74.5,70.4,65.1,85.0,3.7,52.9,6.7,84.0,Good
Varun Kumar,ST3255,70.9,65.3,55.2,65.6,65.7,2.3,64.5,7.8,79.7,Good
Diya Shah,ST3256,56.3,52.3,61.0,61.9,67.8,6.0,44.8,7.1,71.0,Good
Meera Pandey,ST3257,78.5,68.0,75.7,63.4,89.7,6.4,59.8,7.3,80.7,Good
Diya Rana,ST3258,74.6,80.7,79.5,62.8,83.8,5.4,69.9,6.3,85.9,Excellent
Shreya Sharma,ST3259,61.0,45.6,61.0,59.8,43.3,3.2,51.1,5.3,58.8,Average
Aarav Kapoor,ST3260,63.1,25.0,66.9,74.5,51.3,2.4,62.1,6.6,56.8,Average
Diya Rana,ST3261,81.2,45.5,63.4,67.3,78.7,5.5,51.7,8.3,83.3,Good
Nisha Malhotra,ST3262,83.0,59.7,56.8,90.9,70.8,6.5,90.2,6.2,86.1,Excellent
Priya Shah,ST3263,94.4,62.2,88.0,89.0,69.0,7.0,57.8,6.9,84.1,Good
Nikhil Chauhan,ST3264,70.1,74.3,54.0,75.9,76.9,6.3,65.2,6.9,90.3,Excellent
Arjun Malhotra,ST3265,53.9,57.9,52.8,76.7,55.2,3.5,67.9,7.4,66.8,Average
Pranav Kapoor,ST3266,100.0,89.4,82.9,98.8,94.5,5.6,99.4,5.6,98.2,Excellent
Diya Mehta,ST3267,68.2,73.2,54.3,71.0,54.8,2.8,20.0,8.1,74.6,Good
Sneha Rana,ST3268,81.3,94.9,70.0,64.8,75.7,6.4,100.0,6.7,95.1,Excellent
Rahul Saxena,ST3269,86.3,83.4,62.7,74.5,69.9,4.3,73.0,9.4,94.0,Excellent
Aditya Bansal,ST3270,95.3,65.2,82.1,75.3,66.5,8.9,86.7,6.2,85.2,Excellent
Kavya Mehta,ST3271,71.6,59.9,53.7,76.5,51.6,6.7,58.7,7.8,77.8,Good
Diya Bansal,ST3272,67.0,66.4,78.7,66.0,72.6,4.1,91.9,6.7,82.1,Good
Riya Chauhan,ST3273,71.6,61.1,62.2,86.3,80.7,6.3,84.1,8.8,94.9,Excellent
Rohan Bansal,ST3274,72.9,77.6,51.0,66.6,56.2,4.8,87.6,7.8,76.8,Good
Diya Mishra,ST3275,79.0,68.5,86.4,71.8,57.0,3.9,76.4,5.8,79.2,Good
Mohit Saxena,ST3276,100.0,72.0,90.6,80.8,98.3,7.3,97.9,8.1,100.0,Excellent
Kavya Malhotra,ST3277,59.5,37.2,78.6,56.7,64.1,1.5,39.9,8.2,68.7,Average
Manish Pandey,ST3278,59.8,81.6,39.9,66.5,67.3,2.1,56.9,6.9,64.4,Average
Isha Joshi,ST3279,90.5,50.4,59.9,62.5,44.3,4.3,69.8,5.5,75.5,Good
Avni Yadav,ST3280,75.6,40.9,70.7,65.0,72.0,5.2,70.7,8.2,76.8,Good
Sachin Pandey,ST3281,81.2,56.6,65.7,65.1,71.9,8.9,67.6,8.3,91.1,Excellent
Rohan Sharma,ST3282,87.4,54.9,72.6,93.3,86.3,5.2,68.0,8.1,88.7,Excellent
Aryan Kapoor,ST3283,77.0,75.5,79.9,88.3,69.9,3.6,82.4,8.0,89.0,Excellent
Aarav Yadav,ST3284,76.0,47.4,75.3,68.5,64.1,6.5,85.4,7.4,84.2,Good
Shivam Mishra,ST3285,53.8,54.8,54.9,81.2,68.7,5.0,85.3,8.1,83.5,Good
Sanya Saxena,ST3286,67.9,68.2,61.3,64.8,82.7,3.7,74.4,6.9,77.4,Good
Aryan Kapoor,ST3287,85.0,86.3,63.8,73.4,80.2,4.4,76.6,5.3,83.4,Good
Deepak Sharma,ST3288,49.3,62.6,64.3,59.1,53.5,4.0,80.0,7.9,77.3,Good
Ishaan Malhotra,ST3289,92.1,72.6,96.2,94.0,100.0,8.4,99.0,7.0,100.0,Excellent
Arjun Yadav,ST3290,100.0,100.0,93.7,97.2,100.0,8.5,87.8,5.2,100.0,Excellent
Aarav Mishra,ST3291,89.6,69.0,72.9,82.4,93.1,4.0,80.3,4.9,89.0,Excellent
Vikram Agarwal,ST3292,82.7,80.4,59.9,80.0,82.1,7.9,78.6,6.7,89.1,Excellent
Ayush Mehta,ST3293,89.9,82.5,82.1,67.8,66.2,3.8,67.4,7.0,89.1,Excellent
Sachin Rana,ST3294,78.4,44.8,66.1,57.2,58.1,1.8,65.6,7.1,72.7,Good
Sameer Malhotra,ST3295,86.7,75.9,68.8,75.6,76.2,6.7,78.8,7.4,90.4,Excellent
Nikhil Patel,ST3296,69.5,58.5,74.0,60.3,45.8,6.1,54.2,6.1,79.8,Good
Neha Bansal,ST3297,78.9,86.7,67.7,75.2,62.4,5.8,57.8,7.6,85.5,Excellent
Tanya Gupta,ST3298,68.8,63.7,44.3,56.3,66.7,1.4,66.3,8.1,68.7,Average
Arjun Joshi,ST3299,69.1,66.5,70.9,78.9,72.1,4.2,87.4,4.5,80.2,Good
Shivam Sinha,ST3300,66.3,55.3,43.6,61.6,69.2,0.5,48.6,7.5,58.9,Average
Ayush Rana,ST3301,68.4,49.9,47.1,70.6,51.3,7.2,61.6,6.9,68.7,Average
Mohit Sinha,ST3302,75.1,61.1,72.0,79.1,55.4,5.4,58.3,7.7,82.5,Good
Aditya Malhotra,ST3303,78.2,55.9,40.7,52.3,56.1,4.7,57.0,7.6,67.7,Average
Manish Mehta,ST3304,83.0,74.9,62.3,75.3,89.2,5.3,79.4,5.2,79.9,Good
Rahul Rana,ST3305,56.9,59.2,56.5,55.1,52.9,6.3,45.9,6.9,74.7,Good
Ananya Sinha,ST3306,79.4,71.6,76.8,71.8,74.5,4.2,78.7,6.8,91.4,Excellent
Tanya Verma,ST3307,60.0,59.5,71.8,72.7,52.4,2.0,63.7,8.4,76.0,Good
Tanya Gupta,ST3308,87.3,56.8,80.5,60.2,84.6,5.5,69.1,5.7,78.4,Good
Aman Rana,ST3309,52.0,50.6,54.9,50.9,57.0,4.0,49.4,7.1,65.6,Average
Shreya Shah,ST3310,69.4,45.0,74.3,62.4,54.4,7.5,87.2,7.6,80.4,Good
Sakshi Rana,ST3311,75.0,64.6,61.7,50.6,52.6,6.1,50.4,7.6,73.0,Good
Shreya Chauhan,ST3312,77.4,87.1,74.2,79.8,71.8,7.7,65.0,6.5,92.4,Excellent
Manish Singh,ST3313,83.3,74.8,81.7,71.1,55.0,3.9,59.7,8.3,83.6,Good
Vikram Sharma,ST3314,53.9,52.4,61.0,68.9,45.6,1.7,56.2,6.7,61.4,Average
Khushi Saxena,ST3315,75.2,59.9,64.5,65.7,47.8,2.7,35.0,8.0,74.8,Good
Vikram Sharma,ST3316,72.4,48.3,45.7,67.2,68.1,3.2,52.6,8.1,76.4,Good
Deepak Malhotra,ST3317,84.1,77.2,60.6,79.6,89.5,2.5,67.8,5.9,79.7,Good
Nisha Saxena,ST3318,88.0,100.0,90.7,59.1,80.3,8.5,82.6,7.9,100.0,Excellent
Aman Patel,ST3319,64.6,48.8,54.5,44.1,52.7,0.9,50.1,5.8,56.2,Average
Priya Joshi,ST3320,80.7,60.9,83.1,80.9,88.6,3.6,82.1,7.5,89.6,Excellent
Karan Yadav,ST3321,74.8,35.5,65.9,65.6,66.0,2.7,65.5,6.8,71.0,Good
Sachin Chauhan,ST3322,84.8,45.9,55.0,67.1,85.0,1.9,78.7,8.4,73.2,Good
Pooja Verma,ST3323,67.0,61.3,48.6,82.3,71.0,5.6,64.1,7.3,78.2,Good
Akash Agarwal,ST3324,100.0,100.0,94.0,90.9,100.0,5.2,81.8,8.8,100.0,Excellent
Aryan Pandey,ST3325,62.2,40.7,66.9,75.1,56.9,4.0,66.2,8.3,66.0,Average
Vikram Agarwal,ST3326,100.0,91.5,80.5,55.4,76.8,7.2,58.1,6.9,89.3,Excellent
Manish Singh,ST3327,60.7,51.7,38.1,75.1,60.7,2.0,63.0,8.6,66.0,Average
Nisha Gupta,ST3328,69.0,54.2,54.5,53.4,58.6,1.7,54.8,7.3,68.0,Average
Akash Saxena,ST3329,81.6,70.4,56.1,70.5,62.3,3.2,73.7,6.1,72.5,Good
Isha Singh,ST3330,71.7,71.8,51.8,80.9,60.0,2.7,72.6,6.8,74.2,Good
Deepak Joshi,ST3331,47.3,25.0,32.9,25.5,34.8,0.5,35.6,7.4,43.2,At Risk
Pranav Kapoor,ST3332,99.6,54.4,82.5,78.2,63.0,6.1,84.0,4.5,92.4,Excellent
Sanya Bansal,ST3333,50.7,30.7,40.3,59.8,39.3,0.5,29.0,8.9,51.9,Average
Meera Yadav,ST3334,69.8,53.3,69.6,63.1,56.4,3.2,58.4,7.1,72.0,Good
Nikhil Kumar,ST3335,77.9,85.7,75.0,90.2,78.2,6.5,100.0,7.8,94.3,Excellent
Nikhil Saxena,ST3336,100.0,96.1,94.4,96.0,86.7,7.4,100.0,6.9,100.0,Excellent
Aarav Verma,ST3337,67.0,57.3,57.8,68.3,71.3,0.5,76.4,6.0,70.7,Good
Rohan Singh,ST3338,71.5,65.7,47.3,62.5,55.3,3.7,46.7,7.2,65.3,Average
Mohit Pandey,ST3339,82.5,74.7,85.2,93.3,84.0,8.3,84.4,6.5,100.0,Excellent
Neha Sharma,ST3340,94.2,51.8,88.0,83.2,74.5,4.7,84.7,6.4,90.6,Excellent
Tanya Kapoor,ST3341,77.4,60.0,64.1,74.0,72.5,0.9,76.6,7.1,75.0,Good
Isha Chauhan,ST3342,66.8,70.1,65.9,56.5,69.6,2.4,58.8,7.3,76.3,Good
Pooja Gupta,ST3343,61.2,58.8,58.5,68.8,58.3,2.2,65.1,4.9,70.4,Good
Ananya Rana,ST3344,65.7,56.6,67.7,71.3,77.4,6.1,72.4,7.2,78.5,Good
Nikhil Kumar,ST3345,72.2,71.8,81.1,83.0,69.9,3.1,83.0,7.8,82.7,Good
Priya Bansal,ST3346,78.9,77.9,79.0,54.5,63.3,3.2,58.8,7.7,79.7,Good
Mohit Singh,ST3347,72.0,49.7,73.8,75.7,57.0,6.8,78.1,6.5,75.5,Good
Neha Malhotra,ST3348,71.4,73.7,74.1,67.9,71.8,5.6,58.6,8.9,89.6,Excellent
Nikhil Singh,ST3349,57.9,53.1,60.7,77.7,43.9,2.9,36.7,7.8,65.2,Average
Vikram Bansal,ST3350,70.1,62.9,68.0,58.6,70.4,3.8,69.3,6.7,74.2,Good
Avni Pandey,ST3351,45.0,40.5,40.8,44.4,51.7,4.0,53.3,5.9,53.4,Average
Arjun Mishra,ST3352,74.3,61.7,73.9,68.4,58.8,5.3,66.5,5.6,77.7,Good
Amit Shah,ST3353,62.1,36.7,32.4,62.0,50.4,5.1,39.4,7.4,63.3,Average
Sneha Shah,ST3354,82.7,82.4,83.3,81.2,96.6,9.0,73.5,7.2,100.0,Excellent
Tanya Gupta,ST3355,64.1,53.1,68.7,73.3,45.6,3.3,41.4,7.3,73.7,Good
Aryan Saxena,ST3356,61.6,65.0,54.0,51.3,39.6,2.1,46.2,7.3,57.9,Average
Aditya Sharma,ST3357,68.3,43.4,74.6,62.3,63.7,4.3,45.0,6.7,73.5,Good
Vikram Sinha,ST3358,98.7,100.0,83.8,78.8,100.0,5.8,100.0,7.4,100.0,Excellent
Rohan Mishra,ST3359,95.2,72.0,80.3,71.7,72.2,5.7,81.1,6.1,88.5,Excellent
Rahul Yadav,ST3360,45.0,39.0,50.9,40.1,63.4,0.5,60.5,7.5,54.6,Average
Deepak Mehta,ST3361,58.5,57.0,47.8,52.1,41.3,1.5,53.8,7.5,58.5,Average
Pranav Shah,ST3362,92.0,69.2,69.1,55.5,65.1,5.3,62.8,7.5,86.1,Excellent
Arjun Joshi,ST3363,98.9,100.0,98.4,96.6,77.8,8.3,96.4,5.8,100.0,Excellent
Varun Kapoor,ST3364,65.3,67.9,62.7,74.9,47.4,3.1,48.3,6.2,74.2,Good
Sanya Pandey,ST3365,63.4,52.5,45.5,63.6,54.7,4.0,41.9,7.2,65.8,Average
Pooja Yadav,ST3366,100.0,100.0,98.1,77.7,89.0,9.0,74.5,6.7,100.0,Excellent
Aarav Malhotra,ST3367,68.5,60.6,73.8,78.5,82.7,4.1,65.2,7.1,83.8,Good
Sneha Kapoor,ST3368,93.9,75.3,78.5,79.1,73.6,3.4,70.0,4.5,88.1,Excellent
Aarav Sharma,ST3369,65.2,53.5,57.3,72.6,63.5,4.6,75.5,7.4,72.8,Good
Mohit Kapoor,ST3370,67.2,57.9,65.4,60.6,53.4,5.3,58.3,9.5,85.3,Excellent
Kavya Patel,ST3371,86.1,82.8,74.5,74.0,93.9,7.5,88.5,7.6,96.2,Excellent
Shivam Shah,ST3372,73.1,73.0,77.2,75.2,79.4,2.3,73.3,5.4,76.0,Good
Karan Malhotra,ST3373,81.8,86.8,90.1,79.9,91.9,3.4,96.3,6.8,91.4,Excellent
Kavya Rana,ST3374,88.9,63.3,82.0,81.8,83.0,5.5,80.8,6.8,88.1,Excellent
Pranav Shah,ST3375,57.9,43.8,69.7,52.9,54.6,3.5,53.4,6.9,74.4,Good
Kavya Patel,ST3376,76.1,55.4,68.7,73.8,70.6,3.9,88.3,5.9,80.5,Good
Kavya Saxena,ST3377,89.7,78.7,62.2,83.8,78.8,8.2,64.8,5.7,94.2,Excellent
Ishaan Shah,ST3378,82.9,56.3,81.3,62.2,75.6,5.4,64.8,7.9,76.2,Good
Ananya Singh,ST3379,81.5,54.7,72.4,69.6,60.1,6.5,70.2,7.6,89.5,Excellent
Ishaan Kapoor,ST3380,52.2,35.4,59.8,34.8,48.1,3.5,46.3,7.1,53.8,Average
Arjun Kapoor,ST3381,62.6,53.3,56.3,67.1,50.6,0.5,56.3,8.5,64.4,Average
Priya Shah,ST3382,65.0,43.0,49.3,43.9,58.9,0.9,50.9,6.8,55.0,Average
Sachin Singh,ST3383,78.6,69.4,59.4,63.7,65.8,1.7,66.3,7.1,74.5,Good
Ananya Gupta,ST3384,54.3,62.2,72.5,66.6,72.3,4.7,75.4,6.7,84.0,Good
Neha Rana,ST3385,64.8,40.6,25.0,48.1,42.9,2.7,52.0,5.7,49.5,At Risk
Nikhil Verma,ST3386,93.3,73.5,81.7,95.8,94.5,8.1,88.4,6.4,98.2,Excellent
Pranav Kapoor,ST3387,58.7,35.7,61.3,52.4,50.4,3.9,43.8,8.8,66.1,Average
Amit Pandey,ST3388,56.4,73.6,49.3,55.2,31.1,0.5,43.3,9.1,68.7,Average
Ananya Patel,ST3389,69.6,78.4,64.2,64.6,65.2,3.8,79.6,7.3,77.9,Good
Khushi Kumar,ST3390,75.5,84.3,81.6,72.5,85.5,2.2,81.1,7.1,82.1,Good
Kavya Chauhan,ST3391,100.0,77.4,100.0,87.5,93.5,7.7,94.7,8.4,100.0,Excellent
Ishaan Shah,ST3392,100.0,67.6,78.5,81.6,55.6,10.0,66.7,6.2,95.2,Excellent
Anjali Yadav,ST3393,85.8,74.8,79.2,85.7,89.1,6.8,82.1,6.3,90.0,Excellent
Isha Sinha,ST3394,58.7,50.6,64.6,52.3,54.7,3.3,56.9,8.2,66.5,Average
Shivam Rana,ST3395,96.7,82.9,100.0,89.4,84.2,7.3,90.3,5.0,92.0,Excellent
Shivam Sinha,ST3396,45.0,33.4,36.6,40.9,51.3,2.7,35.3,7.2,51.7,Average
Meera Kumar,ST3397,63.7,48.5,88.9,76.1,60.6,3.6,51.8,7.1,69.3,Average
Shivam Saxena,ST3398,80.1,69.7,73.7,70.5,55.2,6.3,67.1,7.4,95.8,Excellent
Vikram Rana,ST3399,50.9,44.9,57.2,51.5,55.7,1.1,44.7,6.9,60.0,Average
Anjali Mishra,ST3400,76.5,50.6,63.2,44.1,58.6,2.1,53.6,7.2,67.8,Average
Aarav Singh,ST3401,52.5,67.7,47.0,55.7,70.1,0.9,73.8,7.6,68.5,Average
Sakshi Kumar,ST3402,80.0,69.9,58.8,82.3,55.6,4.0,75.4,6.9,77.3,Good
Diya Patel,ST3403,100.0,74.9,84.7,88.3,82.7,4.5,88.6,6.9,94.0,Excellent
Ishaan Gupta,ST3404,78.6,68.8,48.5,80.1,78.9,7.0,90.6,7.6,90.8,Excellent
Isha Kapoor,ST3405,69.1,51.3,69.7,66.9,53.3,3.2,61.1,7.8,67.9,Average
Aman Malhotra,ST3406,48.4,25.0,25.0,25.0,43.7,0.5,39.1,8.1,46.8,At Risk
Karan Saxena,ST3407,75.7,76.3,72.7,74.8,84.2,3.2,77.5,5.6,91.2,Excellent
Aman Shah,ST3408,64.6,82.6,69.8,78.9,80.6,5.8,83.2,7.3,81.9,Good
Pranav Shah,ST3409,49.2,36.4,52.4,62.8,45.9,3.4,38.6,6.4,60.3,Average
Aditya Singh,ST3410,74.2,52.0,44.2,69.1,60.7,5.0,63.5,9.0,72.5,Good
Arjun Kapoor,ST3411,68.5,68.5,52.7,64.8,63.1,3.4,60.6,7.2,76.1,Good
Sachin Joshi,ST3412,80.9,82.3,72.6,77.8,82.7,4.8,84.5,6.8,91.1,Excellent
Varun Shah,ST3413,72.1,48.6,63.5,60.4,30.5,2.4,59.3,8.8,75.9,Good
Aditya Malhotra,ST3414,67.6,62.6,58.7,66.8,51.9,4.3,34.9,8.3,80.4,Good
Anjali Yadav,ST3415,80.0,66.1,72.0,65.0,55.6,4.1,68.7,6.9,71.9,Good
Varun Agarwal,ST3416,90.5,74.5,83.5,72.6,73.5,5.4,86.0,5.8,92.8,Excellent
Karan Singh,ST3417,88.6,91.0,79.3,84.5,82.4,4.7,100.0,5.3,96.5,Excellent
Rohan Agarwal,ST3418,68.4,77.5,56.0,63.2,53.0,3.6,78.9,6.1,79.3,Good
Tanya Bansal,ST3419,73.2,100.0,77.0,76.3,92.3,5.8,93.6,7.2,98.8,Excellent
Amit Mehta,ST3420,47.6,53.0,38.4,44.5,48.7,3.7,26.0,7.0,59.7,Average
Sanya Mishra,ST3421,76.4,65.4,56.0,79.3,91.1,5.8,90.9,6.0,80.9,Good
Nikhil Gupta,ST3422,62.3,60.6,44.7,47.6,49.3,2.5,52.2,6.9,64.2,Average
Rohan Patel,ST3423,83.1,97.6,92.8,86.2,91.3,6.1,80.9,8.6,100.0,Excellent
Aman Patel,ST3424,71.9,47.3,56.0,70.1,63.5,6.0,27.1,8.0,77.5,Good
Sakshi Agarwal,ST3425,59.9,58.9,54.2,63.2,56.5,4.8,73.5,8.8,74.9,Good
Khushi Kapoor,ST3426,77.4,51.7,67.7,69.1,69.1,6.9,71.3,6.1,83.3,Good
Vikram Joshi,ST3427,81.4,52.6,57.5,72.6,77.1,6.6,74.4,7.6,87.1,Excellent
Sneha Agarwal,ST3428,80.6,40.3,39.9,68.6,60.6,3.8,66.5,7.8,73.6,Good
Meera Patel,ST3429,94.5,74.1,68.4,78.4,61.8,7.0,94.8,8.2,91.0,Excellent
Akash Agarwal,ST3430,96.4,76.2,87.8,88.0,50.1,2.6,71.2,7.3,96.7,Excellent
Ayush Mishra,ST3431,67.4,67.1,72.1,58.9,63.5,7.6,72.5,5.9,83.3,Good
Kavya Kumar,ST3432,67.6,78.7,72.4,68.7,39.5,5.2,74.8,6.1,80.9,Good
Aman Rana,ST3433,75.0,82.4,61.3,76.2,65.4,6.0,70.7,6.9,85.4,Excellent
Manish Gupta,ST3434,92.4,65.7,86.7,82.1,99.1,5.0,74.9,7.1,88.7,Excellent
Sakshi Patel,ST3435,65.5,47.2,45.3,62.2,34.8,4.5,27.0,7.3,66.1,Average
Shivam Sharma,ST3436,61.4,43.7,49.5,60.4,62.4,5.4,74.0,5.6,69.8,Average
Meera Saxena,ST3437,69.3,69.9,74.8,61.3,80.6,3.3,71.2,8.5,86.0,Excellent
Ayush Shah,ST3438,55.5,50.9,53.1,62.4,39.6,2.0,61.9,6.0,56.6,Average
Akash Joshi,ST3439,45.0,31.8,31.5,59.6,64.3,0.5,40.5,8.8,52.3,Average
Deepak Chauhan,ST3440,74.2,97.8,81.1,79.4,80.4,6.9,89.3,6.5,97.3,Excellent
Sameer Bansal,ST3441,60.5,36.7,33.1,59.5,54.8,1.4,34.2,9.3,58.5,Average
Aryan Agarwal,ST3442,84.2,55.2,47.7,64.2,65.9,7.6,65.1,4.9,76.5,Good
Manish Kapoor,ST3443,94.7,72.1,66.2,81.0,72.5,2.9,78.4,8.4,87.7,Excellent
Amit Kapoor,ST3444,85.9,86.3,90.7,58.2,42.1,3.4,84.8,6.2,88.7,Excellent
Nikhil Verma,ST3445,62.0,70.0,74.5,86.7,52.2,4.0,71.1,6.0,79.1,Good
Pooja Agarwal,ST3446,53.4,48.9,33.7,58.1,61.6,4.2,47.3,8.8,70.9,Good
Ishaan Agarwal,ST3447,62.1,58.6,69.2,68.7,87.5,6.0,79.3,7.6,83.3,Good
Rohan Joshi,ST3448,59.9,43.0,54.0,58.7,42.1,3.4,51.7,5.7,60.5,Average
Pooja Chauhan,ST3449,78.4,63.2,67.5,63.9,70.6,5.4,61.4,7.1,82.2,Good
Shivam Pandey,ST3450,67.3,72.4,62.1,60.8,65.2,4.9,76.3,8.4,79.1,Good
Sanya Agarwal,ST3451,80.4,75.3,76.3,71.7,74.0,6.5,72.1,7.4,90.9,Excellent
Shivam Mishra,ST3452,74.5,48.7,68.7,65.3,61.2,2.7,46.0,7.3,77.6,Good
Ayush Shah,ST3453,91.1,100.0,100.0,90.3,88.7,6.4,86.2,8.0,100.0,Excellent
Anjali Rana,ST3454,66.5,59.7,74.6,72.9,78.7,6.1,81.2,7.2,91.1,Excellent
Aditya Yadav,ST3455,84.6,54.6,69.7,66.7,57.7,6.8,69.3,5.1,81.1,Good
Khushi Mishra,ST3456,78.0,52.5,66.7,61.6,71.3,3.8,76.3,7.2,73.9,Good
Karan Rana,ST3457,84.7,38.7,41.9,58.6,66.4,3.9,80.9,7.6,83.1,Good
Khushi Singh,ST3458,72.0,49.9,46.3,68.0,56.1,3.4,75.3,7.4,68.1,Average
Pranav Saxena,ST3459,100.0,95.8,87.2,86.7,93.1,8.6,95.3,6.2,100.0,Excellent
Ananya Yadav,ST3460,58.6,44.1,55.8,65.7,53.2,0.7,53.9,8.0,63.4,Average
Deepak Shah,ST3461,70.4,80.5,53.2,68.1,71.6,3.8,58.9,7.3,73.5,Good
Aman Mehta,ST3462,56.4,48.8,50.2,64.6,66.0,2.9,57.0,5.3,56.4,Average
Aditya Kapoor,ST3463,52.5,53.5,50.7,62.5,50.3,2.6,36.3,6.0,65.7,Average
Arjun Mehta,ST3464,85.9,85.0,80.7,78.2,76.5,0.7,58.5,7.8,80.3,Good
Vikram Yadav,ST3465,72.8,66.5,70.8,76.7,40.3,8.0,76.3,7.4,79.4,Good
Diya Mishra,ST3466,80.3,72.8,69.3,96.0,87.3,1.4,97.3,6.6,83.3,Good
Kavya Rana,ST3467,76.4,77.2,77.2,85.1,86.7,6.4,78.4,7.6,93.6,Excellent
Shreya Malhotra,ST3468,80.5,70.5,64.5,64.8,73.7,3.5,70.4,7.7,82.5,Good
Amit Saxena,ST3469,76.0,42.1,47.3,52.0,49.9,1.2,20.0,7.3,59.2,Average
Shreya Kapoor,ST3470,82.7,80.1,58.1,73.3,75.1,5.6,96.1,7.4,85.6,Excellent
Deepak Gupta,ST3471,71.0,67.2,79.3,69.1,66.9,6.5,59.9,7.2,84.6,Good
Rohan Saxena,ST3472,74.1,62.0,51.9,64.3,48.2,1.3,38.1,8.3,74.3,Good
Ishaan Agarwal,ST3473,87.3,69.6,61.6,71.6,67.3,2.2,60.6,8.3,74.2,Good
Anjali Shah,ST3474,64.9,47.9,57.6,52.5,58.6,0.5,50.0,6.5,62.0,Average
Sneha Singh,ST3475,89.7,84.4,65.1,86.7,79.2,5.7,76.2,6.2,86.1,Excellent
Isha Kumar,ST3476,92.6,67.7,79.6,89.1,100.0,3.6,65.7,8.6,91.0,Excellent
Manish Shah,ST3477,74.4,92.2,100.0,66.6,97.7,8.6,90.2,7.5,100.0,Excellent
Mohit Gupta,ST3478,89.5,70.6,54.4,55.1,72.6,2.2,59.0,8.0,67.5,Average
Priya Pandey,ST3479,89.4,67.6,56.8,83.9,80.4,6.0,67.5,7.7,97.9,Excellent
Riya Pandey,ST3480,89.3,73.1,66.3,86.7,80.7,8.4,76.5,7.7,91.0,Excellent
Pooja Patel,ST3481,66.3,58.8,61.8,67.7,64.0,3.6,50.8,7.3,63.6,Average
Shreya Verma,ST3482,53.9,74.9,73.6,61.9,59.1,0.5,42.1,7.2,66.9,Average
Neha Saxena,ST3483,64.8,53.0,75.4,62.6,69.8,4.2,45.1,7.7,73.0,Good
Khushi Gupta,ST3484,75.5,55.5,71.3,71.7,61.0,3.6,50.5,7.1,72.2,Good
Shreya Shah,ST3485,56.4,66.6,65.3,63.8,54.2,3.3,63.0,8.8,76.7,Good
Manish Verma,ST3486,67.6,56.9,63.5,75.7,71.6,6.3,64.6,8.4,78.7,Good
Diya Mishra,ST3487,73.2,86.0,84.8,71.8,74.0,5.7,75.3,7.8,93.9,Excellent
Riya Kumar,ST3488,70.6,80.0,68.9,69.3,57.4,5.2,64.2,5.7,83.1,Good
Neha Pandey,ST3489,65.9,48.0,62.7,80.8,64.2,3.8,85.7,6.1,67.6,Average
Shreya Joshi,ST3490,56.4,57.4,77.5,66.5,68.9,3.3,67.6,5.9,76.9,Good
Varun Sinha,ST3491,71.9,54.5,73.0,70.5,87.3,5.6,79.4,7.1,87.8,Excellent
Manish Patel,ST3492,72.6,58.1,62.7,78.5,62.5,5.1,64.5,7.9,86.9,Excellent
Ananya Pandey,ST3493,71.9,45.5,75.0,67.3,76.0,5.1,55.5,6.7,77.3,Good
Isha Pandey,ST3494,77.1,57.6,90.9,67.8,78.9,7.2,89.3,6.1,85.7,Excellent
Aryan Kumar,ST3495,100.0,83.1,86.8,75.0,94.9,9.0,83.4,6.6,100.0,Excellent
Khushi Gupta,ST3496,73.6,50.1,56.6,54.0,66.1,1.6,50.1,6.6,65.5,Average
Meera Mishra,ST3497,90.0,67.4,91.6,61.0,90.2,4.8,84.2,7.3,99.5,Excellent
Sneha Kumar,ST3498,57.2,52.0,56.6,70.1,58.0,5.6,46.6,6.7,73.9,Good
Riya Yadav,ST3499,100.0,84.3,85.6,71.7,84.5,10.0,100.0,5.7,100.0,Excellent
Sanya Shah,ST3500,65.1,69.0,46.1,79.7,51.8,3.0,64.4,7.4,67.7,Average
Aryan Agarwal,ST3501,74.9,67.1,46.0,71.5,78.4,5.9,73.6,7.8,82.2,Good
Sachin Mehta,ST3502,81.5,67.4,73.7,57.7,59.6,3.7,34.7,5.6,77.2,Good
Aman Sinha,ST3503,78.6,62.7,56.8,55.0,62.3,4.7,55.1,7.2,68.5,Average
Rohan Singh,ST3504,95.2,77.9,95.2,87.4,100.0,6.9,100.0,4.7,98.7,Excellent
Mohit Sinha,ST3505,58.1,46.4,48.0,60.3,67.6,5.8,79.1,6.7,64.6,Average
Sachin Verma,ST3506,85.6,100.0,95.1,90.4,73.6,4.3,100.0,7.8,94.7,Excellent
Avni Verma,ST3507,74.4,72.6,71.4,62.9,66.7,3.4,72.7,8.2,78.1,Good
Aditya Rana,ST3508,79.6,69.3,66.3,83.1,69.4,6.9,66.6,6.3,84.9,Good
Sakshi Saxena,ST3509,84.5,71.5,81.4,66.2,91.9,4.2,88.9,6.6,90.0,Excellent
Karan Chauhan,ST3510,85.7,45.0,70.5,74.8,51.3,5.6,70.3,6.7,81.8,Good
Varun Mishra,ST3511,61.3,31.8,55.4,61.3,55.1,4.5,42.7,6.0,68.8,Average
Nisha Sharma,ST3512,77.7,50.6,75.9,78.8,63.6,6.6,66.3,7.0,90.5,Excellent
Ayush Kumar,ST3513,88.7,72.0,88.7,88.0,90.5,6.5,100.0,5.8,100.0,Excellent
Anjali Kapoor,ST3514,63.7,73.9,61.9,67.7,67.1,6.6,62.6,7.4,80.4,Good
Deepak Rana,ST3515,74.6,45.7,88.1,71.2,90.4,4.9,69.9,6.3,83.7,Good
Sameer Mishra,ST3516,60.7,29.2,48.0,58.9,58.6,2.0,31.0,7.0,54.4,Average
Rahul Sharma,ST3517,78.0,63.0,61.5,72.1,43.2,1.2,62.8,8.0,71.7,Good
Rahul Agarwal,ST3518,88.3,82.1,78.8,73.4,95.5,4.3,89.5,7.7,93.2,Excellent
Anjali Verma,ST3519,57.0,44.5,39.4,66.6,54.6,2.8,51.6,7.8,57.7,Average
Nisha Kumar,ST3520,90.9,96.9,62.2,68.0,90.7,5.5,76.4,7.2,100.0,Excellent
Manish Mishra,ST3521,80.2,74.1,63.6,75.7,67.0,5.1,72.8,5.9,89.8,Excellent
Vikram Bansal,ST3522,86.6,75.4,54.0,72.7,54.5,7.3,52.6,6.7,80.1,Good
Ayush Shah,ST3523,73.0,60.8,60.9,61.4,52.1,5.4,37.3,6.8,75.3,Good
Akash Yadav,ST3524,60.8,52.6,69.4,51.7,72.7,5.2,60.9,6.6,70.6,Good
Akash Agarwal,ST3525,81.6,53.9,58.1,64.0,71.1,7.1,60.5,6.8,80.8,Good
Priya Rana,ST3526,79.1,87.3,80.4,54.7,73.2,5.1,86.0,6.1,84.5,Good
Aditya Rana,ST3527,73.3,67.9,56.8,64.5,36.1,3.1,91.6,7.2,70.1,Good
Karan Verma,ST3528,94.7,86.1,100.0,75.0,100.0,8.9,100.0,6.2,100.0,Excellent
Rohan Pandey,ST3529,78.4,74.1,85.7,100.0,51.2,5.7,46.9,6.5,77.6,Good
Tanya Agarwal,ST3530,67.7,68.1,57.6,74.3,82.8,3.7,91.3,6.0,76.7,Good
Vikram Sharma,ST3531,69.9,71.5,81.4,79.4,65.2,5.7,87.6,5.8,100.0,Excellent
Diya Joshi,ST3532,72.2,69.3,61.1,87.6,75.6,5.0,72.3,8.3,78.8,Good
Sneha Saxena,ST3533,68.6,48.4,45.0,61.5,50.5,2.2,65.9,7.5,63.0,Average
Neha Pandey,ST3534,68.5,31.9,48.6,50.2,59.2,3.2,24.9,9.0,64.1,Average
Priya Joshi,ST3535,91.0,68.6,73.0,63.3,69.9,3.8,60.1,9.0,84.1,Good
Karan Verma,ST3536,49.8,32.0,38.7,65.0,50.3,3.4,51.4,8.4,56.9,Average
Sakshi Verma,ST3537,95.6,100.0,100.0,80.2,88.7,8.5,93.9,5.3,100.0,Excellent
Deepak Malhotra,ST3538,93.7,99.3,76.2,81.0,75.6,4.6,96.0,8.5,98.8,Excellent
Aryan Yadav,ST3539,69.8,57.2,58.1,76.0,61.3,6.0,82.0,6.8,76.7,Good
Pranav Joshi,ST3540,67.2,45.7,63.2,64.6,65.0,1.9,72.1,7.1,72.6,Good
Avni Verma,ST3541,66.4,55.2,67.2,66.0,43.3,4.6,57.5,6.6,68.7,Average
Meera Mehta,ST3542,51.4,36.5,48.6,59.8,47.6,2.9,56.0,6.9,55.1,Average
Aditya Sharma,ST3543,62.5,49.7,47.8,61.5,46.2,2.1,40.0,7.7,64.3,Average
Shreya Verma,ST3544,78.0,92.3,98.6,91.1,99.2,7.1,100.0,9.1,100.0,Excellent
Sachin Chauhan,ST3545,100.0,82.2,94.0,84.0,83.8,6.1,78.1,5.2,100.0,Excellent
Aditya Kapoor,ST3546,60.6,58.5,68.3,70.1,67.1,2.9,64.6,9.2,83.0,Good
Deepak Gupta,ST3547,65.0,64.5,75.1,60.0,84.4,5.7,61.4,8.4,86.6,Excellent
Rahul Pandey,ST3548,80.0,80.7,70.3,87.8,72.7,4.2,86.5,6.9,85.1,Excellent
Varun Agarwal,ST3549,77.8,90.9,72.4,74.4,79.0,7.2,70.2,6.2,87.2,Excellent
Ishaan Gupta,ST3550,59.1,33.3,45.0,50.6,37.5,0.5,34.5,6.2,37.5,At Risk
Khushi Chauhan,ST3551,59.7,25.0,46.4,59.1,59.7,1.9,34.7,6.5,62.5,Average
Sanya Yadav,ST3552,92.6,76.0,81.1,85.8,76.7,2.8,78.5,6.7,83.0,Good
Neha Patel,ST3553,70.4,25.8,59.8,43.4,42.5,0.5,33.3,7.4,55.5,Average
Shreya Shah,ST3554,67.3,49.0,60.2,69.3,55.7,3.3,74.9,7.2,72.1,Good
Shreya Chauhan,ST3555,78.3,44.8,52.7,67.0,55.9,6.3,60.3,7.6,68.5,Average
Karan Kumar,ST3556,76.8,56.9,67.9,65.6,78.9,5.9,73.7,7.5,81.0,Good
Pooja Sharma,ST3557,54.4,64.6,71.5,87.4,73.2,5.0,68.4,7.2,75.8,Good
Shreya Pandey,ST3558,60.7,60.3,52.0,63.7,56.9,3.7,68.5,7.1,73.9,Good
Khushi Patel,ST3559,67.4,64.0,79.6,72.4,69.7,6.8,72.9,7.9,90.7,Excellent
Akash Shah,ST3560,80.4,53.5,65.9,65.1,69.7,6.6,66.6,7.6,81.9,Good
Karan Gupta,ST3561,99.0,92.1,100.0,81.5,100.0,6.3,80.7,7.3,100.0,Excellent
Aman Malhotra,ST3562,64.4,35.3,40.9,61.1,53.3,3.8,52.2,6.7,62.9,Average
Ishaan Mehta,ST3563,72.5,71.0,61.5,66.0,70.5,2.9,77.2,8.4,84.3,Good
Sachin Chauhan,ST3564,77.5,52.3,73.5,72.2,63.9,4.4,64.9,7.9,72.9,Good
Ananya Yadav,ST3565,72.2,37.9,77.5,69.5,62.0,5.2,64.8,6.7,85.2,Excellent
Karan Rana,ST3566,58.0,29.9,43.8,58.5,53.5,1.6,45.3,5.5,52.2,Average
Nikhil Chauhan,ST3567,94.6,76.7,85.9,82.5,82.8,5.5,100.0,7.0,96.3,Excellent
Anjali Chauhan,ST3568,68.7,66.2,59.4,74.2,67.9,2.1,75.8,6.7,80.9,Good
Sakshi Kapoor,ST3569,55.3,50.0,61.0,64.2,47.7,3.6,53.9,7.9,67.2,Average
Kavya Joshi,ST3570,80.5,64.5,65.7,97.7,77.6,3.6,67.4,7.4,83.4,Good
Sanya Gupta,ST3571,88.7,77.8,93.6,96.4,93.0,5.3,99.0,5.3,92.9,Excellent
Priya Pandey,ST3572,64.7,80.3,73.3,66.4,77.5,6.8,67.6,7.1,84.3,Good
Nikhil Malhotra,ST3573,79.8,77.8,48.8,80.9,69.9,3.3,67.2,8.9,79.1,Good
Ishaan Kapoor,ST3574,85.5,96.2,87.9,74.6,66.1,7.8,85.9,6.5,90.0,Excellent
Sameer Singh,ST3575,57.7,55.8,50.3,56.2,79.9,5.1,43.1,7.0,61.8,Average
Kavya Sinha,ST3576,90.7,91.7,92.7,91.9,88.6,8.3,100.0,6.3,100.0,Excellent
Nikhil Malhotra,ST3577,76.7,68.8,69.9,84.8,75.6,5.3,90.7,7.0,81.5,Good
Diya Pandey,ST3578,65.5,54.6,50.1,67.1,56.3,2.6,57.0,8.8,72.6,Good
Shivam Gupta,ST3579,65.1,46.0,71.0,58.7,56.0,2.1,58.7,8.4,67.9,Average
Aryan Patel,ST3580,65.1,46.6,71.9,60.0,53.5,0.8,51.1,6.9,56.4,Average
Pooja Verma,ST3581,52.1,25.0,35.1,54.7,52.1,3.4,28.3,7.1,60.7,Average
Amit Malhotra,ST3582,86.6,72.9,88.1,70.1,69.6,6.0,60.6,6.9,86.9,Excellent
Aarav Pandey,ST3583,69.5,55.4,30.6,70.1,56.6,4.2,71.2,7.5,72.4,Good
Nikhil Mishra,ST3584,62.6,65.5,72.7,70.2,46.5,0.5,66.9,8.0,76.8,Good
Varun Kapoor,ST3585,70.0,43.4,38.7,55.6,50.2,2.5,65.5,7.2,62.4,Average
Nisha Mishra,ST3586,88.9,56.9,81.8,63.7,68.3,6.8,78.7,5.5,85.4,Excellent
Riya Saxena,ST3587,86.5,77.4,73.2,84.5,71.6,7.6,66.4,6.6,98.9,Excellent
Shivam Pandey,ST3588,75.9,52.4,48.4,66.5,61.9,4.1,50.7,6.7,69.3,Average
Akash Sharma,ST3589,78.7,79.5,63.9,52.7,66.2,5.3,75.3,6.1,85.7,Excellent
Aarav Rana,ST3590,81.4,67.7,60.1,74.8,64.2,3.5,49.6,8.0,77.9,Good
Aditya Pandey,ST3591,85.6,92.0,85.6,79.7,86.8,7.1,76.6,6.8,99.3,Excellent
Ananya Malhotra,ST3592,72.3,51.5,64.4,67.7,50.5,2.8,50.2,6.2,68.2,Average
Riya Saxena,ST3593,75.4,65.0,84.8,67.7,55.6,3.1,76.0,9.2,80.5,Good
Sameer Singh,ST3594,56.2,66.9,57.6,57.0,43.1,1.7,63.7,7.8,63.3,Average
Shivam Gupta,ST3595,84.8,63.5,70.5,86.0,71.9,3.0,70.8,8.0,80.3,Good
Priya Yadav,ST3596,79.2,77.1,85.3,88.9,69.2,5.7,80.0,8.0,87.2,Excellent
Deepak Pandey,ST3597,66.1,51.6,54.7,62.5,43.5,1.3,72.6,7.0,61.7,Average
Meera Joshi,ST3598,67.4,58.8,54.8,70.1,76.1,3.5,64.2,7.7,74.2,Good
Varun Kumar,ST3599,81.3,95.1,98.1,74.6,83.0,8.0,67.2,4.7,98.6,Excellent
Manish Patel,ST3600,90.6,89.7,81.5,66.9,72.4,3.8,86.5,8.1,91.3,Excellent
Priya Shah,ST3601,71.0,65.5,75.1,86.3,66.9,5.9,63.8,6.8,89.0,Excellent
Diya Shah,ST3602,59.5,67.9,49.3,61.6,76.8,5.3,41.5,7.5,79.3,Good
Neha Pandey,ST3603,63.1,47.9,59.0,79.4,63.4,3.7,67.5,7.1,78.3,Good
Neha Mishra,ST3604,83.9,69.7,92.4,81.2,70.4,6.3,80.8,8.7,94.2,Excellent
Manish Malhotra,ST3605,75.8,57.5,74.4,74.6,78.2,4.5,74.9,8.3,82.0,Good
Arjun Agarwal,ST3606,68.5,48.5,46.9,54.8,46.5,3.7,54.3,4.5,54.7,Average
Pranav Saxena,ST3607,80.1,70.4,87.8,81.5,87.2,3.4,88.2,7.7,95.8,Excellent
Pranav Mishra,ST3608,74.0,56.9,40.2,53.9,53.5,6.6,46.0,6.5,65.9,Average
Diya Joshi,ST3609,54.6,55.1,45.8,69.3,45.3,5.1,46.3,7.6,63.7,Average
Meera Sinha,ST3610,54.4,38.2,69.7,56.3,48.1,0.5,32.5,8.1,59.2,Average
Varun Sinha,ST3611,72.9,57.5,63.9,81.5,75.1,6.2,70.8,6.1,80.6,Good
Deepak Kapoor,ST3612,63.5,51.4,54.2,59.8,58.3,2.2,70.5,7.2,73.3,Good
Sachin Chauhan,ST3613,49.6,25.3,50.9,50.3,41.1,3.9,33.5,6.1,50.2,Average
Ayush Agarwal,ST3614,63.6,60.2,75.2,69.1,55.6,5.7,72.4,8.4,81.4,Good
Priya Mishra,ST3615,55.8,59.1,48.1,70.8,52.6,2.0,52.9,7.7,56.8,Average
Tanya Verma,ST3616,79.2,65.6,69.5,84.9,75.9,5.3,73.9,7.4,92.1,Excellent
Manish Patel,ST3617,73.4,61.4,77.0,60.4,71.2,2.5,33.6,7.6,66.2,Average
Tanya Rana,ST3618,87.8,71.1,82.5,85.3,100.0,7.8,100.0,5.6,100.0,Excellent
Rahul Sharma,ST3619,83.6,57.6,69.5,74.5,82.1,5.3,61.1,7.6,84.1,Good
Shivam Malhotra,ST3620,68.5,45.7,61.3,44.7,66.5,2.6,64.0,9.1,69.0,Average
Arjun Pandey,ST3621,84.3,65.2,73.2,64.4,71.5,2.1,84.1,5.8,77.1,Good
Anjali Mishra,ST3622,77.3,80.3,69.7,78.3,86.3,6.7,71.0,6.9,86.3,Excellent
Varun Kumar,ST3623,83.4,52.5,47.4,100.0,85.1,6.5,100.0,7.6,92.4,Excellent
Pooja Yadav,ST3624,59.2,68.3,52.4,59.8,50.8,2.4,76.5,6.6,65.7,Average
Pranav Patel,ST3625,66.7,30.5,67.0,65.7,61.9,1.9,64.6,8.1,65.8,Average
Deepak Mishra,ST3626,81.0,55.2,54.5,49.7,67.8,2.7,58.8,7.3,76.5,Good
Sneha Chauhan,ST3627,69.5,65.5,55.6,65.5,50.1,2.1,60.5,6.6,60.3,Average
Nisha Saxena,ST3628,75.7,49.3,58.2,73.1,71.8,5.0,67.7,4.5,72.5,Good
Diya Pandey,ST3629,74.0,72.5,83.4,93.0,67.8,0.9,77.4,7.4,80.3,Good
Aman Mishra,ST3630,92.0,63.5,69.2,70.5,91.4,7.1,52.7,6.7,89.8,Excellent
Sakshi Rana,ST3631,90.8,78.6,83.5,61.8,91.5,5.5,75.4,8.2,92.1,Excellent
Anjali Chauhan,ST3632,68.7,36.8,51.5,60.1,53.8,5.0,57.1,7.3,66.9,Average
Ayush Joshi,ST3633,55.0,56.7,36.3,48.3,48.4,3.4,39.6,6.7,67.5,Average
Nikhil Shah,ST3634,69.0,51.5,63.0,53.8,36.9,3.3,47.0,5.6,65.2,Average
Nikhil Bansal,ST3635,63.9,40.7,77.1,73.5,57.9,3.2,46.2,8.1,67.7,Average
Rahul Mishra,ST3636,64.3,55.7,60.9,61.9,56.6,4.8,71.7,7.1,76.6,Good
Pranav Sinha,ST3637,83.2,97.8,60.2,70.1,90.2,3.1,74.6,6.8,86.9,Excellent
Sameer Kumar,ST3638,66.5,39.5,48.6,72.1,54.5,5.2,52.1,6.4,71.3,Good
Ishaan Chauhan,ST3639,79.7,70.7,76.8,92.6,79.8,3.4,71.7,8.4,87.1,Excellent
Shivam Rana,ST3640,51.9,37.5,47.4,39.5,40.8,1.8,41.2,8.8,51.6,Average
Akash Saxena,ST3641,91.5,65.1,55.7,86.5,75.7,7.8,80.9,6.0,82.3,Good
Rohan Pandey,ST3642,75.8,53.6,52.4,67.2,60.4,8.1,62.6,4.5,81.6,Good
Riya Shah,ST3643,89.6,77.6,77.1,75.1,89.0,6.8,93.4,6.6,98.8,Excellent
Isha Chauhan,ST3644,67.5,43.8,52.7,46.7,68.3,0.7,73.3,7.7,65.6,Average
Pooja Sinha,ST3645,54.3,53.7,40.9,60.8,60.7,5.2,48.0,7.0,70.2,Good
Tanya Agarwal,ST3646,90.1,55.5,68.6,62.0,49.8,4.0,67.4,5.6,79.6,Good
Tanya Agarwal,ST3647,73.7,71.4,64.2,70.0,68.1,2.5,69.7,8.8,71.9,Good
Anjali Rana,ST3648,53.9,67.9,52.4,86.2,70.9,4.4,49.7,5.2,72.2,Good
Khushi Rana,ST3649,82.5,43.9,65.0,62.5,54.9,1.8,71.8,6.6,60.8,Average
Avni Agarwal,ST3650,64.8,54.0,48.5,54.3,76.3,4.4,60.7,6.1,68.0,Average
Anjali Saxena,ST3651,63.7,51.8,41.6,48.4,37.2,0.5,62.1,6.5,56.8,Average
Tanya Pandey,ST3652,86.0,81.1,60.9,88.3,72.3,2.4,91.9,5.1,80.1,Good
Sameer Sharma,ST3653,89.5,100.0,84.8,93.5,84.5,5.4,100.0,7.0,100.0,Excellent
Sanya Kumar,ST3654,80.3,71.5,66.0,78.5,74.3,3.9,69.0,8.6,83.6,Good
Kavya Kumar,ST3655,65.3,47.4,46.2,61.3,72.5,3.9,75.2,7.0,67.0,Average
Pranav Kumar,ST3656,75.0,51.1,58.4,61.2,59.3,5.3,48.6,6.0,71.8,Good
Aarav Mehta,ST3657,85.8,68.5,74.2,89.8,68.0,7.7,78.5,8.1,90.0,Excellent
Rohan Bansal,ST3658,67.7,79.4,92.6,64.8,77.8,2.4,71.8,8.1,80.1,Good
Aryan Singh,ST3659,81.2,57.0,60.9,58.1,72.6,3.7,78.9,6.3,80.3,Good
Arjun Sinha,ST3660,78.8,73.6,43.0,68.6,88.6,4.4,92.3,7.4,88.0,Excellent
Shreya Bansal,ST3661,69.8,46.3,25.0,54.5,30.9,1.6,49.7,8.5,57.6,Average
Priya Chauhan,ST3662,79.3,71.2,64.1,77.3,92.6,7.9,70.7,5.8,92.9,Excellent
Khushi Saxena,ST3663,75.5,67.3,100.0,78.5,73.0,5.1,69.0,7.1,98.0,Excellent
Shivam Kapoor,ST3664,57.6,48.1,54.7,60.4,73.6,4.7,41.3,6.6,68.3,Average
Sachin Kumar,ST3665,56.2,45.4,60.9,55.3,52.4,6.4,53.8,5.6,64.1,Average
Sneha Rana,ST3666,69.3,63.0,78.5,74.1,75.2,2.0,59.8,7.5,79.4,Good
Varun Saxena,ST3667,99.7,77.4,71.2,97.9,75.4,5.5,100.0,7.4,100.0,Excellent
Pranav Saxena,ST3668,60.7,54.2,46.3,57.5,75.1,5.2,58.7,7.0,76.1,Good
Varun Joshi,ST3669,73.7,52.0,63.2,54.0,47.0,3.8,70.1,6.3,74.7,Good
Aman Mishra,ST3670,84.4,78.7,47.1,72.1,73.0,6.5,88.6,8.9,94.9,Excellent
Aditya Yadav,ST3671,100.0,95.5,98.6,100.0,85.5,6.2,99.8,6.4,100.0,Excellent
Deepak Kumar,ST3672,79.7,53.2,71.0,64.2,72.3,5.4,67.1,7.5,84.3,Good
Khushi Mehta,ST3673,71.2,67.3,79.6,74.8,85.3,3.9,67.5,7.9,86.6,Excellent
Aarav Shah,ST3674,85.7,73.9,84.7,73.1,79.1,7.9,100.0,4.5,86.2,Excellent
Ananya Patel,ST3675,85.1,54.0,76.2,77.8,84.7,5.2,97.4,7.8,81.8,Good
Arjun Sinha,ST3676,68.0,57.9,58.7,44.4,54.6,5.9,62.3,6.9,68.1,Average
Sneha Bansal,ST3677,60.9,41.3,48.9,45.0,48.4,4.6,43.0,6.8,65.6,Average
Sachin Gupta,ST3678,78.1,75.3,56.4,73.2,78.4,1.1,46.5,7.3,72.5,Good
Rohan Agarwal,ST3679,69.2,47.0,40.0,60.1,56.0,5.7,47.3,7.5,70.1,Good
Sameer Agarwal,ST3680,83.4,65.0,71.0,69.2,75.2,6.9,84.4,4.5,91.9,Excellent
Sneha Yadav,ST3681,66.4,65.8,98.3,76.8,79.0,5.3,100.0,7.0,94.9,Excellent
Rohan Mehta,ST3682,69.7,62.3,72.2,71.0,66.8,6.2,68.7,7.3,73.0,Good
Aryan Yadav,ST3683,58.7,55.0,63.2,63.6,42.8,2.0,67.2,9.5,72.5,Good
Riya Sharma,ST3684,75.1,96.0,78.6,67.4,100.0,9.1,100.0,5.2,100.0,Excellent
Isha Verma,ST3685,60.9,91.8,52.0,56.9,58.9,4.1,59.5,7.5,73.2,Good
Varun Yadav,ST3686,78.6,59.6,62.2,66.8,60.0,6.8,87.2,6.3,80.6,Good
Khushi Singh,ST3687,74.5,66.6,54.3,76.1,67.0,3.5,81.0,7.7,77.4,Good
Anjali Mishra,ST3688,81.6,60.2,53.3,71.8,74.1,5.3,81.5,7.8,77.0,Good
Khushi Yadav,ST3689,78.8,76.2,76.2,88.1,72.7,6.7,69.9,6.1,90.7,Excellent
Tanya Gupta,ST3690,70.3,71.2,55.1,71.2,59.2,4.1,68.3,9.1,89.4,Excellent
Sameer Yadav,ST3691,84.3,91.5,91.4,78.6,82.0,7.2,97.9,8.1,100.0,Excellent
Sachin Mishra,ST3692,59.6,31.2,44.9,55.3,53.3,1.2,60.5,8.2,49.4,At Risk
Aman Bansal,ST3693,68.7,59.0,30.5,72.3,63.7,3.7,68.5,6.8,70.8,Good
Aman Rana,ST3694,100.0,58.6,86.9,94.5,81.6,4.9,81.1,6.5,93.5,Excellent
Sanya Verma,ST3695,76.3,46.5,53.8,74.4,100.0,5.2,88.0,7.4,78.9,Good
Ananya Agarwal,ST3696,100.0,95.3,99.6,84.0,100.0,7.0,100.0,6.4,100.0,Excellent
Pooja Saxena,ST3697,83.5,72.6,60.1,51.7,68.8,4.2,63.3,6.6,81.9,Good
Sachin Chauhan,ST3698,79.0,90.9,89.7,66.4,75.2,3.7,71.8,9.1,92.0,Excellent
Varun Sinha,ST3699,74.4,61.8,30.3,57.5,46.9,2.1,65.3,7.9,63.2,Average
Aryan Shah,ST3700,71.5,47.8,57.8,61.3,59.2,2.5,45.5,8.1,70.9,Good
Neha Gupta,ST3701,68.6,75.5,78.1,72.0,87.0,3.1,69.8,9.1,95.5,Excellent
Nikhil Gupta,ST3702,60.9,55.1,42.7,66.1,28.6,2.8,49.7,7.3,62.4,Average
Sakshi Agarwal,ST3703,67.9,58.3,47.7,66.4,66.8,5.6,62.4,6.3,75.4,Good
Varun Kapoor,ST3704,83.1,84.4,99.1,75.2,77.2,6.6,58.9,5.7,92.7,Excellent
Anjali Kapoor,ST3705,83.2,76.5,63.9,85.1,89.0,6.5,84.7,8.2,92.9,Excellent
Akash Sinha,ST3706,84.6,54.5,69.8,79.4,69.4,3.6,78.5,6.8,83.9,Good
Avni Kapoor,ST3707,66.3,63.4,52.1,65.5,39.8,3.6,50.2,4.5,62.7,Average
Shivam Patel,ST3708,73.0,91.7,100.0,76.5,74.1,4.9,70.1,4.5,90.2,Excellent
Deepak Kapoor,ST3709,84.1,85.0,75.4,81.0,55.4,5.5,62.7,5.5,91.6,Excellent
Tanya Shah,ST3710,73.5,47.2,52.9,83.6,64.6,0.5,49.8,7.2,69.5,Average
Riya Sinha,ST3711,69.7,95.6,77.5,72.2,98.3,3.4,65.2,7.0,82.3,Good
Akash Malhotra,ST3712,100.0,86.6,87.4,69.1,94.5,7.6,87.3,7.2,97.0,Excellent
Arjun Pandey,ST3713,67.0,66.8,68.3,73.6,67.9,2.9,89.5,6.1,82.3,Good
Aman Sinha,ST3714,84.4,64.8,64.6,71.2,62.2,4.2,63.9,7.3,79.3,Good
Mohit Singh,ST3715,83.9,78.8,77.2,75.4,86.5,5.0,83.9,7.9,93.7,Excellent
Arjun Saxena,ST3716,86.0,73.4,72.1,74.7,81.0,2.9,84.2,7.1,81.5,Good
Diya Singh,ST3717,78.2,76.6,77.3,63.6,75.9,8.3,53.0,6.1,91.7,Excellent
Aryan Chauhan,ST3718,49.3,50.3,47.0,63.2,50.4,3.1,39.2,6.4,68.2,Average
Diya Mehta,ST3719,69.5,68.8,46.0,62.0,52.6,2.4,86.2,8.5,73.5,Good
Isha Mehta,ST3720,69.9,68.1,66.7,62.8,65.8,5.0,56.0,5.6,78.7,Good
Tanya Verma,ST3721,57.3,51.6,62.2,58.3,53.0,2.8,62.6,8.8,74.7,Good
Neha Rana,ST3722,65.3,25.0,58.4,53.5,48.1,2.3,50.5,7.3,66.8,Average
Sneha Yadav,ST3723,45.0,25.0,28.4,43.1,38.2,2.7,20.0,6.2,41.5,At Risk
Aarav Agarwal,ST3724,79.7,72.6,79.2,80.5,77.9,5.1,74.2,7.8,91.5,Excellent
Karan Chauhan,ST3725,64.7,39.6,34.3,66.4,55.8,4.4,58.1,7.6,71.5,Good
Arjun Rana,ST3726,96.2,84.0,85.4,90.9,99.0,6.0,75.5,7.3,100.0,Excellent
Pooja Bansal,ST3727,75.9,62.9,79.5,76.0,80.8,5.6,72.3,7.6,85.6,Excellent
Deepak Rana,ST3728,82.0,42.0,43.9,57.0,70.1,4.5,48.7,7.2,67.5,Average
Pranav Chauhan,ST3729,100.0,76.2,85.1,80.8,79.4,4.7,65.3,7.5,92.3,Excellent
Ishaan Joshi,ST3730,69.4,70.8,65.0,71.0,73.3,3.3,66.8,8.6,79.0,Good
Shreya Mishra,ST3731,62.3,50.6,51.8,58.5,63.2,3.8,32.5,7.3,65.2,Average
Ananya Kapoor,ST3732,77.9,70.4,72.8,58.0,83.9,6.4,81.9,7.7,90.7,Excellent
Amit Mishra,ST3733,85.7,45.0,55.2,64.9,64.8,4.3,39.6,4.9,66.3,Average
Pooja Bansal,ST3734,74.9,77.2,88.9,99.2,73.9,6.4,73.8,7.2,100.0,Excellent
Diya Mishra,ST3735,59.4,70.4,64.7,59.0,57.7,2.8,50.5,9.5,72.1,Good
Ishaan Bansal,ST3736,65.5,60.9,64.4,74.7,65.5,5.5,79.8,5.1,74.4,Good
Rahul Sinha,ST3737,84.6,84.1,34.1,80.0,75.8,4.9,51.5,9.0,79.2,Good
Priya Kapoor,ST3738,69.8,67.1,78.4,66.4,64.2,6.1,60.1,7.6,89.0,Excellent
Aryan Malhotra,ST3739,84.0,77.2,75.2,63.1,77.7,6.8,71.9,5.1,81.3,Good
Sakshi Pandey,ST3740,74.7,71.2,72.6,74.1,69.8,5.2,36.2,7.0,83.0,Good
Rahul Sharma,ST3741,90.0,79.6,86.5,81.7,82.8,5.3,88.7,7.4,98.7,Excellent
Aman Chauhan,ST3742,89.4,82.8,70.8,77.1,88.6,6.3,74.1,7.8,81.9,Good
Sanya Saxena,ST3743,90.0,88.0,93.6,83.3,62.5,4.2,87.6,6.7,86.4,Excellent
Akash Malhotra,ST3744,73.9,57.0,68.1,77.4,66.0,3.5,73.7,7.9,77.2,Good
Ananya Saxena,ST3745,81.0,90.8,78.6,75.4,72.3,4.2,77.7,8.5,99.8,Excellent
Nisha Saxena,ST3746,62.7,58.7,49.1,89.0,75.4,10.0,62.0,7.3,85.5,Excellent
Varun Shah,ST3747,45.0,25.0,31.5,49.4,29.3,1.7,35.2,8.6,45.6,At Risk
Diya Gupta,ST3748,64.7,60.5,41.5,69.3,49.2,1.2,48.8,7.0,59.0,Average
Pooja Pandey,ST3749,76.8,76.4,63.0,75.3,84.3,2.9,88.3,7.9,81.3,Good
Khushi Kapoor,ST3750,66.1,85.8,69.6,77.4,87.0,2.2,69.9,9.5,82.8,Good
Khushi Verma,ST3751,51.8,38.5,66.1,43.1,51.5,0.9,51.0,6.4,52.7,Average
Avni Shah,ST3752,76.8,65.1,73.3,66.8,69.9,3.3,78.3,7.6,77.5,Good
Deepak Kapoor,ST3753,88.4,67.6,77.4,84.2,86.7,3.5,100.0,6.1,84.8,Good
Diya Bansal,ST3754,89.8,74.8,74.3,69.1,79.2,3.7,55.3,8.4,84.6,Good
Ayush Sinha,ST3755,80.6,81.6,67.0,66.4,87.1,6.9,62.1,4.8,90.7,Excellent
Shivam Mehta,ST3756,74.5,75.1,58.3,69.2,71.1,4.9,72.2,6.4,75.6,Good
Pranav Chauhan,ST3757,71.3,67.0,49.0,63.5,61.0,5.7,58.6,9.2,76.8,Good
Ishaan Shah,ST3758,60.5,45.7,63.2,65.1,78.2,2.0,70.3,6.9,66.8,Average
Nisha Joshi,ST3759,92.5,87.0,89.4,71.9,86.6,5.2,82.9,6.9,95.8,Excellent
Aarav Sinha,ST3760,98.9,79.7,81.7,87.0,66.1,3.5,60.1,8.4,87.0,Excellent
Neha Sinha,ST3761,55.0,72.2,42.1,59.4,50.4,3.5,60.4,7.0,76.4,Good
Khushi Yadav,ST3762,66.5,73.1,83.2,59.4,71.5,4.5,92.8,5.0,83.1,Good
Rahul Sharma,ST3763,72.5,57.0,73.6,73.5,53.1,6.0,44.6,5.8,80.5,Good
Manish Pandey,ST3764,68.2,57.7,61.5,60.9,53.5,2.1,60.3,8.7,71.7,Good
Sneha Singh,ST3765,71.5,48.9,74.0,68.7,72.5,1.9,33.8,8.8,79.0,Good
Sanya Singh,ST3766,89.7,79.3,76.3,73.2,73.8,5.1,64.1,5.0,80.0,Good
Vikram Saxena,ST3767,66.4,69.3,69.2,77.1,95.0,4.7,76.2,6.1,81.1,Good
Tanya Shah,ST3768,58.4,57.6,55.4,63.2,75.9,4.8,61.4,6.3,69.1,Average
Nikhil Saxena,ST3769,69.9,58.8,46.5,69.7,65.0,3.9,65.0,6.7,71.4,Good
Rahul Saxena,ST3770,70.5,57.7,56.5,64.1,76.1,3.6,52.6,6.2,79.2,Good
Shivam Shah,ST3771,82.3,73.3,77.2,82.7,84.1,4.7,95.7,7.1,100.0,Excellent
Arjun Yadav,ST3772,68.6,30.3,30.6,42.7,57.9,0.5,28.8,7.0,54.9,Average
Neha Malhotra,ST3773,69.1,59.9,62.2,64.6,61.1,1.5,49.5,7.0,67.5,Average
Mohit Joshi,ST3774,85.5,83.1,62.6,70.7,91.1,8.5,86.1,5.4,99.3,Excellent
Aarav Patel,ST3775,81.3,77.1,81.0,74.6,68.2,7.3,85.3,7.5,100.0,Excellent
Nikhil Sinha,ST3776,96.4,82.3,91.2,83.4,79.4,7.7,89.9,5.3,100.0,Excellent
Nikhil Mishra,ST3777,48.1,32.5,46.3,68.3,40.2,1.1,37.4,7.9,53.1,Average
Nikhil Shah,ST3778,61.3,40.5,40.4,63.1,65.5,1.8,74.4,8.4,64.6,Average
Khushi Kapoor,ST3779,89.1,72.8,76.8,68.1,76.2,6.0,73.3,8.9,89.5,Excellent
Sameer Mehta,ST3780,100.0,76.9,85.8,74.8,62.0,4.9,66.1,7.5,89.4,Excellent
Nikhil Shah,ST3781,65.5,41.2,58.0,62.1,55.2,4.9,61.4,7.2,66.6,Average
Khushi Sinha,ST3782,92.9,51.1,77.9,59.8,53.6,0.5,61.7,5.8,68.6,Average
Vikram Sinha,ST3783,96.8,73.0,70.0,68.5,68.4,4.3,71.9,8.6,87.7,Excellent
Anjali Bansal,ST3784,47.8,59.2,51.4,50.2,62.1,0.8,61.2,7.6,57.6,Average
Meera Patel,ST3785,65.0,75.6,64.6,71.7,60.8,7.3,71.1,7.0,96.4,Excellent
Priya Joshi,ST3786,55.4,40.0,44.1,52.5,25.0,2.8,32.4,7.7,55.9,Average
Sachin Malhotra,ST3787,92.2,70.6,79.9,56.5,57.3,6.1,58.9,7.0,90.8,Excellent
Diya Rana,ST3788,63.0,53.6,57.2,72.7,52.2,6.5,49.7,6.8,79.3,Good
Nikhil Pandey,ST3789,66.0,77.4,51.1,64.1,45.7,3.9,65.6,6.8,81.0,Good
Sneha Rana,ST3790,74.1,82.6,68.0,70.2,59.8,6.4,68.8,7.6,82.3,Good
Rahul Joshi,ST3791,69.0,81.1,54.1,82.0,71.1,2.4,53.3,5.8,71.6,Good
Aditya Bansal,ST3792,85.1,62.0,60.0,68.1,71.0,3.9,75.7,5.6,69.3,Average
Ananya Mishra,ST3793,81.3,77.5,85.7,69.3,70.5,5.9,87.9,6.0,82.1,Good
Tanya Patel,ST3794,60.7,47.4,50.6,41.0,51.2,0.7,56.0,8.8,55.5,Average
Ayush Chauhan,ST3795,60.6,61.0,71.0,78.1,71.6,5.2,59.3,7.4,79.1,Good
Aditya Malhotra,ST3796,76.1,28.7,72.4,69.7,63.9,0.5,58.3,6.9,64.6,Average
Akash Singh,ST3797,89.5,81.3,81.1,74.5,68.6,6.5,81.9,6.0,100.0,Excellent
Sameer Sinha,ST3798,69.8,84.5,69.5,88.1,96.1,4.7,83.4,7.0,92.7,Excellent
Khushi Rana,ST3799,84.6,75.0,68.7,76.8,65.3,4.1,84.1,7.5,89.8,Excellent
Nisha Shah,ST3800,91.5,79.8,84.4,96.8,81.5,7.9,70.8,8.0,100.0,Excellent
Shivam Sharma,ST3801,82.2,76.0,76.0,71.5,86.7,8.5,100.0,8.6,94.3,Excellent
Shreya Shah,ST3802,47.3,40.6,74.6,58.9,67.3,5.8,51.6,6.8,72.1,Good
Sanya Saxena,ST3803,69.0,61.3,71.2,65.4,76.5,3.1,48.4,9.4,71.5,Good
Sanya Sinha,ST3804,83.7,60.5,71.0,71.8,72.1,6.4,40.0,6.9,82.1,Good
Nikhil Sinha,ST3805,71.4,59.1,65.8,81.6,57.4,4.2,78.0,7.4,81.7,Good
Pooja Saxena,ST3806,80.1,61.3,82.5,79.0,61.2,7.3,93.8,7.7,88.8,Excellent
Aryan Sharma,ST3807,66.2,25.0,50.3,43.1,59.0,2.0,33.6,8.5,59.1,Average
Manish Sharma,ST3808,93.1,78.4,71.1,87.0,87.5,4.4,69.4,8.6,90.7,Excellent
Sanya Saxena,ST3809,56.7,72.8,66.0,66.7,67.1,4.2,79.2,5.8,70.6,Good
Vikram Bansal,ST3810,57.1,38.3,48.4,48.2,66.5,1.0,33.0,7.6,59.2,Average
Sanya Shah,ST3811,66.8,40.9,61.5,61.1,52.1,2.0,64.5,8.6,71.9,Good
Ananya Patel,ST3812,46.3,45.6,42.6,49.1,42.7,1.2,31.4,6.4,55.2,Average
Sakshi Joshi,ST3813,70.7,52.2,58.0,53.3,44.6,3.5,49.6,5.3,62.7,Average
Varun Agarwal,ST3814,60.4,37.2,62.9,61.7,53.2,5.9,70.1,5.4,58.8,Average
Avni Pandey,ST3815,88.9,95.6,77.1,91.0,100.0,5.6,90.1,6.8,100.0,Excellent
Khushi Pandey,ST3816,65.8,71.1,79.8,77.5,92.0,7.1,74.2,8.8,99.5,Excellent
Aryan Kapoor,ST3817,74.7,76.5,78.0,80.6,81.0,1.9,88.4,5.9,75.7,Good
Aman Malhotra,ST3818,70.0,47.8,59.9,57.2,64.3,1.6,75.0,6.2,74.4,Good
Aryan Shah,ST3819,65.3,71.9,65.4,52.8,65.6,6.9,79.6,6.3,71.7,Good
Aryan Kumar,ST3820,65.6,51.1,48.3,58.1,51.6,1.6,56.9,6.4,63.1,Average
Kavya Saxena,ST3821,68.2,26.8,53.5,72.9,62.4,5.7,60.8,5.7,72.4,Good
Isha Singh,ST3822,72.2,50.6,74.0,52.4,58.7,4.0,80.3,5.1,78.0,Good
Amit Gupta,ST3823,78.5,66.9,67.3,80.5,38.8,4.0,56.9,6.6,77.4,Good
Meera Kapoor,ST3824,77.9,62.3,63.5,57.0,75.1,5.6,58.8,8.9,81.5,Good
Khushi Kapoor,ST3825,81.1,54.9,56.4,71.0,65.5,5.0,60.2,7.6,78.9,Good
Aditya Shah,ST3826,77.9,55.9,81.3,62.0,56.4,6.9,69.4,7.9,81.5,Good
Aman Agarwal,ST3827,56.9,61.1,45.5,61.8,60.6,3.7,60.8,6.6,58.4,Average
Avni Joshi,ST3828,66.8,44.1,50.8,37.1,59.4,2.7,37.6,6.4,58.5,Average
Arjun Singh,ST3829,87.5,65.2,66.7,87.0,69.7,4.1,78.7,7.6,87.7,Excellent
Aryan Mishra,ST3830,96.0,69.4,53.1,74.1,49.6,2.5,62.0,7.4,80.8,Good
Shivam Gupta,ST3831,72.3,46.5,64.2,61.5,36.9,2.7,50.9,7.2,63.3,Average
Diya Kumar,ST3832,64.7,54.5,33.0,60.2,79.5,3.5,60.8,8.9,78.0,Good
Diya Yadav,ST3833,82.7,61.7,75.4,67.0,75.8,2.1,83.3,6.5,77.9,Good
Sneha Agarwal,ST3834,61.2,65.2,58.6,66.8,64.9,4.9,59.8,6.1,75.8,Good
Aryan Pandey,ST3835,58.9,70.6,42.3,48.0,71.5,3.1,50.0,8.1,72.6,Good
Anjali Verma,ST3836,70.7,80.0,65.9,65.6,59.5,2.9,59.1,8.0,77.7,Good
Nikhil Mehta,ST3837,92.8,80.8,72.2,64.3,79.0,5.9,74.1,5.9,88.4,Excellent
Vikram Mehta,ST3838,78.8,70.1,98.6,87.4,70.1,6.0,76.4,7.0,99.2,Excellent
Mohit Chauhan,ST3839,72.6,53.8,100.0,58.7,69.8,5.7,66.3,5.1,72.9,Good
Pranav Sinha,ST3840,96.8,73.1,83.4,66.4,86.8,8.3,87.4,6.9,98.9,Excellent
Amit Bansal,ST3841,91.5,68.9,77.2,65.4,70.2,5.6,75.8,6.5,78.5,Good
Meera Yadav,ST3842,62.2,55.0,49.0,69.4,64.3,2.8,48.2,7.0,59.0,Average
Kavya Shah,ST3843,96.4,75.6,77.0,71.1,85.1,3.6,74.4,6.0,86.6,Excellent
Aditya Shah,ST3844,82.9,48.6,62.2,78.1,72.6,3.2,48.2,8.4,74.6,Good
Varun Agarwal,ST3845,76.4,87.6,79.3,86.9,75.8,6.4,74.1,7.1,100.0,Excellent
Ananya Singh,ST3846,45.0,69.3,41.4,58.7,58.6,3.2,52.6,8.2,65.2,Average
Shivam Bansal,ST3847,64.7,56.6,61.9,60.9,67.9,6.1,98.7,6.8,84.9,Good
Ayush Pandey,ST3848,67.9,43.0,77.4,77.6,57.3,3.9,73.6,8.3,77.2,Good
Amit Sinha,ST3849,84.2,67.0,71.9,58.2,84.3,3.2,59.3,5.3,72.1,Good
Neha Sinha,ST3850,81.0,77.8,79.2,61.1,74.9,5.4,55.4,7.0,77.5,Good
Karan Joshi,ST3851,68.0,61.0,67.3,52.2,56.8,2.8,72.3,8.5,67.4,Average
Aman Kapoor,ST3852,77.8,74.2,77.9,83.0,74.5,4.4,84.4,5.1,85.8,Excellent
Pooja Yadav,ST3853,70.6,54.9,59.0,71.5,49.2,1.9,85.4,7.5,78.0,Good
Shivam Chauhan,ST3854,57.1,46.0,46.0,70.3,44.2,0.8,62.8,8.1,56.6,Average
Manish Patel,ST3855,57.7,51.0,54.2,49.2,50.9,3.6,51.2,6.8,67.3,Average
Shreya Mehta,ST3856,76.6,71.9,67.8,64.2,72.8,6.5,87.3,7.8,87.4,Excellent
Rohan Sinha,ST3857,55.5,65.5,73.5,61.3,63.8,5.8,63.5,7.9,74.4,Good
Pooja Saxena,ST3858,55.8,25.0,45.2,42.4,38.4,4.1,47.6,6.5,56.3,Average
Vikram Sinha,ST3859,75.9,89.9,56.5,83.8,58.4,4.0,54.7,6.7,87.6,Excellent
Arjun Bansal,ST3860,83.0,45.6,53.2,99.5,76.4,5.5,85.0,5.8,81.3,Good
Rahul Saxena,ST3861,62.5,60.2,59.3,59.0,78.9,5.6,63.6,7.2,81.5,Good
Manish Agarwal,ST3862,79.3,66.6,79.1,77.6,76.5,3.3,69.8,7.4,84.8,Good
Kavya Shah,ST3863,93.2,80.9,76.1,80.4,82.1,6.5,74.3,6.8,96.1,Excellent
Diya Mehta,ST3864,86.5,91.3,89.7,85.5,95.7,6.0,98.1,7.0,97.7,Excellent
Priya Agarwal,ST3865,60.6,59.1,69.7,80.8,61.3,1.5,81.6,6.6,73.9,Good
Sanya Kumar,ST3866,83.2,59.1,72.0,58.9,77.5,4.9,56.2,5.6,71.9,Good
Pooja Patel,ST3867,83.3,54.4,66.0,67.1,63.9,3.5,76.0,7.6,79.7,Good
Nisha Bansal,ST3868,80.1,81.4,72.5,83.6,66.2,6.7,81.3,6.6,96.7,Excellent
Nikhil Patel,ST3869,72.7,64.4,73.2,72.2,61.5,2.9,49.8,6.2,81.6,Good
Riya Rana,ST3870,60.7,74.3,68.9,74.5,69.1,5.3,77.8,6.2,76.3,Good
Nisha Mishra,ST3871,66.2,53.5,42.9,60.4,58.3,2.6,54.4,8.2,68.8,Average
Pranav Sinha,ST3872,89.2,88.0,49.8,76.2,55.9,1.7,76.5,8.3,76.9,Good
Sanya Singh,ST3873,69.7,91.2,78.1,84.7,67.7,4.6,97.6,7.7,91.6,Excellent
Ayush Patel,ST3874,82.2,62.2,53.4,72.4,64.2,4.5,97.7,7.0,89.4,Excellent
Ishaan Sinha,ST3875,84.2,65.5,60.6,68.7,72.4,6.1,81.7,6.2,87.9,Excellent
Pranav Saxena,ST3876,53.6,44.7,43.0,63.2,37.6,3.1,57.8,8.6,59.2,Average
Mohit Mehta,ST3877,58.9,56.9,49.7,58.1,45.1,4.4,60.7,6.7,63.6,Average
Rohan Malhotra,ST3878,64.5,75.5,90.5,65.2,53.0,5.7,75.7,7.2,84.1,Good
Meera Saxena,ST3879,67.1,47.5,61.8,63.0,52.3,4.5,87.5,6.2,72.2,Good
Sakshi Mehta,ST3880,61.3,49.8,39.2,53.0,42.3,3.2,48.3,7.0,60.8,Average
Aryan Shah,ST3881,52.0,61.6,49.1,44.7,59.7,2.6,49.7,4.6,52.1,Average
Aarav Malhotra,ST3882,68.8,40.1,41.0,68.3,33.5,1.6,63.0,6.8,67.5,Average
Aman Singh,ST3883,88.5,77.2,65.0,85.5,83.8,8.2,100.0,5.1,100.0,Excellent
Akash Shah,ST3884,82.7,66.6,56.3,76.5,65.1,6.0,58.5,7.1,84.4,Good
Vikram Mehta,ST3885,70.4,53.6,59.2,70.1,54.1,3.3,49.5,6.6,65.1,Average
Priya Sharma,ST3886,58.1,46.9,64.4,63.1,70.7,4.8,52.2,6.7,68.4,Average
Priya Saxena,ST3887,87.0,62.0,83.5,77.2,97.2,6.9,69.4,8.9,92.4,Excellent
Tanya Mehta,ST3888,87.5,68.9,81.9,87.0,72.7,4.3,67.8,6.1,81.1,Good
Nikhil Joshi,ST3889,77.0,40.6,45.9,50.4,48.0,2.5,65.9,7.4,60.9,Average
Ayush Agarwal,ST3890,86.7,84.0,69.5,70.6,78.4,8.3,84.6,6.8,97.4,Excellent
Sameer Bansal,ST3891,78.0,68.0,54.5,73.3,60.4,4.4,51.5,6.1,75.6,Good
Shreya Gupta,ST3892,74.6,78.8,64.6,81.0,63.2,6.2,85.8,8.0,95.6,Excellent
Kavya Singh,ST3893,63.0,47.5,68.6,76.9,65.7,6.4,70.2,8.5,74.5,Good
Amit Saxena,ST3894,75.3,68.1,100.0,65.3,75.6,6.0,93.6,8.1,89.1,Excellent
Sakshi Singh,ST3895,59.6,43.1,42.6,58.7,55.1,1.4,46.8,6.5,48.3,At Risk
Shivam Pandey,ST3896,91.0,61.9,60.5,57.5,82.0,4.4,50.2,6.4,79.3,Good
Ishaan Saxena,ST3897,83.5,77.1,83.6,88.6,81.5,5.1,90.8,5.0,97.4,Excellent
Sachin Rana,ST3898,54.4,37.3,35.5,60.5,31.7,0.5,49.2,7.4,48.9,At Risk
Nisha Pandey,ST3899,79.6,75.1,69.8,74.1,64.7,5.8,54.2,6.8,89.9,Excellent
Nikhil Bansal,ST3900,61.2,48.9,56.5,61.4,64.6,3.6,66.1,8.0,73.8,Good
Ishaan Bansal,ST3901,77.9,63.3,68.4,69.4,74.6,0.5,68.8,9.3,81.1,Good
Isha Kapoor,ST3902,91.3,80.4,78.0,75.9,75.2,6.3,92.5,5.6,94.9,Excellent
Ananya Kapoor,ST3903,86.2,73.6,79.0,69.0,60.2,5.9,84.7,7.0,96.3,Excellent
Shreya Malhotra,ST3904,59.5,76.3,82.7,70.7,77.2,8.1,85.5,6.4,89.5,Excellent
Isha Singh,ST3905,80.8,65.6,71.3,63.6,59.6,4.5,58.4,6.9,81.7,Good
Diya Joshi,ST3906,66.6,79.7,60.4,54.5,78.5,5.9,55.6,8.5,91.5,Excellent
Sanya Malhotra,ST3907,72.4,50.3,77.8,75.3,66.8,5.9,66.1,7.0,76.6,Good
Sakshi Pandey,ST3908,93.2,93.2,94.5,87.3,80.4,5.4,79.2,7.5,98.8,Excellent
Diya Sharma,ST3909,80.4,56.4,54.0,77.8,53.3,4.0,62.5,7.6,78.0,Good
Sanya Kapoor,ST3910,69.2,44.3,60.7,62.5,64.7,3.7,50.3,7.4,66.2,Average
Ishaan Verma,ST3911,84.9,41.3,61.8,52.3,58.4,3.2,85.3,6.4,67.1,Average
Khushi Mehta,ST3912,72.0,65.6,87.2,86.3,73.3,4.9,100.0,8.9,100.0,Excellent
Riya Patel,ST3913,78.4,81.2,70.4,80.4,76.9,3.7,84.0,7.1,82.7,Good
Ishaan Malhotra,ST3914,80.0,89.8,64.7,89.1,69.6,5.8,85.8,7.4,90.3,Excellent
Priya Verma,ST3915,87.9,77.0,83.5,92.5,85.9,5.8,78.9,7.2,96.8,Excellent
Kavya Gupta,ST3916,78.3,68.7,89.0,88.7,83.4,4.3,77.4,5.0,88.1,Excellent
Ishaan Pandey,ST3917,52.3,41.8,69.9,51.6,61.9,2.8,46.2,6.2,59.9,Average
Mohit Singh,ST3918,83.6,84.5,82.1,98.9,90.3,3.5,89.8,7.3,93.3,Excellent
Sneha Saxena,ST3919,74.3,78.1,77.0,79.8,66.9,4.6,89.0,6.2,80.9,Good
Kavya Saxena,ST3920,63.9,84.6,86.7,77.8,56.7,4.1,58.9,7.5,80.5,Good
Aditya Kumar,ST3921,65.5,33.4,66.1,59.9,37.9,5.5,70.9,6.0,70.6,Good
Mohit Mehta,ST3922,57.1,49.0,52.9,47.2,45.5,3.5,48.3,7.2,66.3,Average
Sanya Patel,ST3923,79.6,87.6,52.9,82.7,71.4,3.2,58.7,5.5,83.2,Good
Kavya Mehta,ST3924,84.3,64.4,52.5,59.6,47.7,6.3,57.1,7.7,78.4,Good
Pooja Gupta,ST3925,55.2,30.3,35.5,71.3,45.7,2.3,40.2,7.8,55.5,Average
Amit Pandey,ST3926,64.9,27.5,66.2,48.9,55.9,0.5,39.0,8.0,52.4,Average
Karan Sinha,ST3927,70.6,61.9,46.1,56.7,52.4,3.8,81.2,7.1,69.5,Average
Sneha Malhotra,ST3928,100.0,69.2,87.4,65.8,62.2,6.4,70.5,6.1,90.2,Excellent
Aryan Gupta,ST3929,61.9,96.8,82.8,96.1,96.7,4.4,97.2,8.6,100.0,Excellent
Aditya Joshi,ST3930,73.4,77.3,60.8,60.3,64.5,3.4,78.7,8.9,72.1,Good
Shreya Verma,ST3931,77.1,54.7,72.3,74.8,66.8,7.1,69.1,6.7,82.5,Good
Riya Patel,ST3932,72.0,63.9,77.9,89.9,85.0,5.5,72.4,6.4,76.6,Good
Sameer Bansal,ST3933,83.0,54.4,57.8,71.1,59.7,4.1,66.3,5.4,66.0,Average
Anjali Sharma,ST3934,81.9,76.0,75.6,73.1,65.8,5.3,92.5,7.2,94.3,Excellent
Sameer Sharma,ST3935,82.4,49.0,80.3,70.4,65.2,4.9,75.4,6.3,74.5,Good
Nisha Kumar,ST3936,75.2,88.5,75.3,69.2,81.1,5.5,78.3,6.5,89.5,Excellent
Aman Bansal,ST3937,84.8,82.2,93.7,100.0,71.5,7.9,89.8,7.6,100.0,Excellent
Priya Mishra,ST3938,80.0,72.2,60.5,76.8,88.7,4.8,87.1,6.1,83.2,Good
Sakshi Sharma,ST3939,75.0,48.9,49.3,57.9,72.0,5.5,71.0,8.9,72.7,Good
Rahul Agarwal,ST3940,85.5,75.3,78.5,71.0,71.0,5.8,97.7,5.9,89.8,Excellent
Shreya Patel,ST3941,78.7,51.4,43.8,65.2,45.8,3.5,53.7,5.1,71.4,Good
Karan Verma,ST3942,45.0,46.5,50.2,44.8,49.3,4.1,39.1,6.5,62.8,Average
Nikhil Bansal,ST3943,61.0,51.2,48.9,42.9,54.2,4.1,45.7,7.5,63.5,Average
Nisha Rana,ST3944,56.2,49.0,49.9,65.5,76.8,0.7,58.9,7.7,61.9,Average
Diya Bansal,ST3945,88.4,68.3,93.7,85.0,76.7,5.3,94.6,7.1,99.4,Excellent
Diya Rana,ST3946,63.2,67.0,61.9,74.4,60.5,7.4,58.4,6.4,73.8,Good
Sneha Mishra,ST3947,54.8,55.2,78.1,71.3,60.7,4.0,75.1,6.6,78.5,Good
Varun Agarwal,ST3948,77.1,50.3,70.3,63.1,65.8,4.6,75.3,5.8,73.4,Good
Kavya Kapoor,ST3949,67.7,58.7,78.8,66.1,72.3,6.0,67.8,7.0,75.4,Good
Khushi Sinha,ST3950,68.0,61.6,42.6,69.7,37.8,1.3,49.8,8.5,56.4,Average
Rohan Verma,ST3951,86.9,53.1,48.3,57.9,67.6,3.7,51.6,7.2,79.9,Good
Aman Singh,ST3952,76.6,82.4,82.1,61.4,55.7,1.6,80.5,6.6,76.9,Good
Anjali Bansal,ST3953,80.7,55.5,77.8,70.3,59.4,5.2,60.3,7.1,76.4,Good
Anjali Malhotra,ST3954,77.5,85.8,71.7,70.4,88.4,5.5,66.9,8.4,91.5,Excellent
Ananya Sharma,ST3955,62.7,75.6,63.3,67.7,74.5,5.3,66.0,6.8,77.9,Good
Aman Chauhan,ST3956,58.0,29.7,45.8,56.2,43.9,5.2,65.1,5.7,58.5,Average
Riya Chauhan,ST3957,100.0,61.0,88.5,85.7,79.2,6.0,92.8,7.1,93.4,Excellent
Aryan Kapoor,ST3958,70.8,71.8,51.5,53.4,63.8,2.4,68.8,7.9,72.7,Good
Deepak Agarwal,ST3959,74.4,61.9,72.7,56.3,57.7,3.1,83.5,8.1,80.8,Good
Ananya Pandey,ST3960,100.0,74.7,96.5,78.4,81.8,5.3,100.0,7.7,92.2,Excellent
Nisha Patel,ST3961,70.2,96.7,85.3,85.9,86.7,6.0,73.2,7.0,100.0,Excellent
Arjun Sharma,ST3962,85.0,57.7,71.6,68.2,67.7,9.1,68.6,5.7,83.1,Good
Nisha Kapoor,ST3963,60.7,57.0,66.9,69.6,72.6,4.4,77.0,6.1,76.5,Good
Anjali Sinha,ST3964,78.5,58.2,79.7,71.0,62.3,6.8,88.2,6.4,85.5,Excellent
Neha Singh,ST3965,77.2,37.3,75.7,75.0,59.0,4.6,62.5,7.7,73.0,Good
Rohan Mishra,ST3966,84.6,71.3,89.4,87.7,84.8,3.1,50.8,6.6,90.8,Excellent
Meera Sinha,ST3967,83.0,77.2,70.1,91.7,67.2,5.3,96.3,6.5,86.1,Excellent
Sanya Sharma,ST3968,94.9,100.0,100.0,100.0,100.0,6.5,100.0,5.9,100.0,Excellent
Sachin Saxena,ST3969,83.9,79.1,62.4,71.5,81.5,4.7,73.0,8.6,91.5,Excellent
Khushi Rana,ST3970,48.9,39.6,40.4,63.9,44.0,2.4,73.8,7.1,55.4,Average
Tanya Chauhan,ST3971,72.3,55.3,69.3,62.1,52.1,2.1,46.5,8.0,64.5,Average
Nikhil Kapoor,ST3972,95.0,90.3,78.7,68.7,86.1,8.2,80.8,8.2,100.0,Excellent
Neha Singh,ST3973,78.2,66.6,96.8,98.6,78.6,7.2,67.6,5.8,88.3,Excellent
Manish Yadav,ST3974,76.4,63.8,83.2,74.3,75.0,4.6,74.2,7.8,85.3,Excellent
Sanya Singh,ST3975,73.4,77.4,70.8,73.3,56.4,5.8,67.3,6.8,86.3,Excellent
Aarav Pandey,ST3976,61.1,57.6,43.4,49.7,54.4,0.5,44.5,8.9,63.3,Average
Mohit Patel,ST3977,98.4,89.1,85.3,100.0,90.7,2.7,100.0,6.5,95.6,Excellent
Sneha Sharma,ST3978,63.4,60.9,53.5,55.5,55.1,4.8,61.3,7.2,68.3,Average
Aarav Saxena,ST3979,77.1,73.8,63.4,73.1,99.1,4.7,64.3,7.7,90.3,Excellent
Vikram Saxena,ST3980,70.2,50.1,62.3,44.5,51.1,6.6,59.8,6.1,63.3,Average
Rahul Sharma,ST3981,69.0,68.7,60.4,71.3,47.8,4.1,60.4,6.9,75.1,Good
Shreya Agarwal,ST3982,80.1,55.1,77.2,76.4,69.8,4.1,81.1,7.0,76.0,Good
Kavya Mehta,ST3983,50.1,71.7,62.8,53.9,72.0,7.0,75.7,7.8,77.3,Good
Anjali Yadav,ST3984,62.0,69.4,60.4,66.1,56.4,5.1,75.6,9.2,82.1,Good
Isha Verma,ST3985,67.6,56.6,72.4,70.9,58.2,7.1,79.1,8.3,81.2,Good
Aman Chauhan,ST3986,56.8,61.3,44.7,55.7,65.9,1.8,52.6,8.8,71.8,Good
Ishaan Saxena,ST3987,53.3,25.0,58.9,39.9,51.4,3.1,38.0,4.5,55.3,Average
Anjali Sinha,ST3988,91.0,78.2,69.6,79.0,70.6,3.9,72.7,7.3,83.5,Good
Aditya Agarwal,ST3989,63.8,60.0,61.6,54.8,35.2,1.0,63.2,7.5,62.3,Average
Kavya Gupta,ST3990,75.8,70.8,62.4,84.4,82.7,6.7,95.0,7.6,86.5,Excellent
Deepak Patel,ST3991,87.6,79.7,91.1,75.1,81.6,5.2,75.1,5.5,92.7,Excellent
Neha Joshi,ST3992,77.1,87.0,94.6,89.1,95.4,4.4,84.8,7.8,100.0,Excellent
Meera Sharma,ST3993,72.9,25.0,54.7,55.5,37.6,0.5,33.8,5.5,45.6,At Risk
Ananya Sinha,ST3994,75.2,66.9,60.3,64.3,55.9,3.9,63.7,8.2,77.8,Good
Khushi Patel,ST3995,69.9,67.5,73.1,86.3,77.4,5.3,73.9,5.3,84.3,Good
Sameer Shah,ST3996,89.7,83.4,58.0,67.6,87.2,4.4,73.1,8.3,83.3,Good
Anjali Kapoor,ST3997,100.0,100.0,80.4,80.4,97.6,6.3,100.0,8.0,100.0,Excellent
Priya Sharma,ST3998,55.6,48.5,63.6,66.8,50.0,4.6,48.9,6.7,59.7,Average
Isha Kumar,ST3999,76.2,79.3,79.2,68.7,95.0,1.8,98.8,7.8,89.6,Excellent
Priya Gupta,ST4000,73.2,69.6,57.9,66.2,69.3,6.1,63.4,6.9,79.2,Good
ABHISHEK,121004,99.0,100.0,100.0,100.0,100.0,2.0,90.0,8.0,95.49,Excellent
